Tree, 0.066, 2048, 2099, 0.10, 2048, 2099, 429, 430
SCC, 0.041, 2048, 2099, 0.10, 2048, 2099, 429, 430
Toroslu, 0.060, 2048, 2099, 0.10, 2048, 2099, 429, 430
Dijkstra, 1.085, 2048, 2099, 0.10, 2048, 2099, 429, 430
Hidden, 7.243, 2048, 2099, 0.10, 2048, 2099, 429, 430
Uniform, 8.899, 2048, 2099, 0.10, 2048, 2099, 429, 430
Tree, 0.057, 2048, 2117, 0.10, 2048, 2117, 640, 641
SCC, 0.074, 2048, 2117, 0.10, 2048, 2117, 640, 641
Toroslu, 0.077, 2048, 2117, 0.10, 2048, 2117, 640, 641
Dijkstra, 1.441, 2048, 2117, 0.10, 2048, 2117, 640, 641
Hidden, 8.992, 2048, 2117, 0.10, 2048, 2117, 640, 641
Uniform, 10.889, 2048, 2117, 0.10, 2048, 2117, 640, 641
Tree, 0.053, 2048, 2103, 0.10, 2048, 2103, 682, 683
SCC, 0.041, 2048, 2103, 0.10, 2048, 2103, 682, 683
Toroslu, 0.048, 2048, 2103, 0.10, 2048, 2103, 682, 683
Dijkstra, 0.535, 2048, 2103, 0.10, 2048, 2103, 682, 683
Hidden, 4.928, 2048, 2103, 0.10, 2048, 2103, 682, 683
Uniform, 6.049, 2048, 2103, 0.10, 2048, 2103, 682, 683
Tree, 0.063, 2048, 2221, 0.50, 2048, 2221, 478, 499
SCC, 0.044, 2048, 2221, 0.50, 2048, 2221, 478, 499
Toroslu, 0.069, 2048, 2221, 0.50, 2048, 2221, 478, 499
Dijkstra, 1.853, 2048, 2221, 0.50, 2048, 2221, 478, 499
Hidden, 7.466, 2048, 2221, 0.50, 2048, 2221, 478, 499
Uniform, 9.038, 2048, 2221, 0.50, 2048, 2221, 478, 499
Tree, 0.066, 2048, 2243, 0.50, 2048, 2243, 412, 432
SCC, 0.061, 2048, 2243, 0.50, 2048, 2243, 412, 432
Toroslu, 0.081, 2048, 2243, 0.50, 2048, 2243, 412, 432
Dijkstra, 1.875, 2048, 2243, 0.50, 2048, 2243, 412, 432
Hidden, 7.868, 2048, 2243, 0.50, 2048, 2243, 412, 432
Uniform, 9.523, 2048, 2243, 0.50, 2048, 2243, 412, 432
Tree, 0.062, 2048, 2225, 0.50, 1654, 1812, 450, 471
SCC, 0.041, 2048, 2225, 0.50, 1654, 1812, 450, 471
Toroslu, 0.059, 2048, 2225, 0.50, 1654, 1812, 450, 471
Dijkstra, 1.454, 2048, 2225, 0.50, 1654, 1812, 450, 471
Hidden, 6.180, 2048, 2225, 0.50, 1654, 1812, 450, 471
Uniform, 7.437, 2048, 2225, 0.50, 1654, 1812, 450, 471
Tree, 0.094, 2048, 4149, 1.00, 2048, 4149, 618, 1236
SCC, 0.076, 2048, 4149, 1.00, 2048, 4149, 618, 1236
Toroslu, 0.507, 2048, 4149, 1.00, 2048, 4149, 618, 1236
Dijkstra, 4.151, 2048, 4149, 1.00, 2048, 4149, 618, 1236
Hidden, 11.716, 2048, 4149, 1.00, 2048, 4149, 618, 1236
Uniform, 13.600, 2048, 4149, 1.00, 2048, 4149, 618, 1236
Tree, 0.091, 2048, 4143, 1.00, 2048, 4143, 402, 804
SCC, 0.075, 2048, 4143, 1.00, 2048, 4143, 402, 804
Toroslu, 0.311, 2048, 4143, 1.00, 2048, 4143, 402, 804
Dijkstra, 3.885, 2048, 4143, 1.00, 2048, 4143, 402, 804
Hidden, 10.684, 2048, 4143, 1.00, 2048, 4143, 402, 804
Uniform, 12.420, 2048, 4143, 1.00, 2048, 4143, 402, 804
Tree, 0.097, 2048, 4151, 1.00, 2048, 4151, 723, 1446
SCC, 0.081, 2048, 4151, 1.00, 2048, 4151, 723, 1446
Toroslu, 0.303, 2048, 4151, 1.00, 2048, 4151, 723, 1446
Dijkstra, 4.532, 2048, 4151, 1.00, 2048, 4151, 723, 1446
Hidden, 12.592, 2048, 4151, 1.00, 2048, 4151, 723, 1446
Uniform, 14.616, 2048, 4151, 1.00, 2048, 4151, 723, 1446
Tree, 0.288, 2048, 41260, 1.50, 2048, 41260, 605, 15486
SCC, 0.212, 2048, 41260, 1.50, 2048, 41260, 605, 15486
Toroslu, 1.464, 2048, 41260, 1.50, 2048, 41260, 605, 15486
Dijkstra, 5.508, 2048, 41260, 1.50, 2048, 41260, 605, 15486
Hidden, 10.699, 2048, 41260, 1.50, 2048, 41260, 605, 15486
Uniform, 12.055, 2048, 41260, 1.50, 2048, 41260, 605, 15486
Tree, 0.190, 2048, 33647, 1.50, 1950, 32579, 447, 9897
SCC, 0.127, 2048, 33647, 1.50, 1950, 32579, 447, 9897
Toroslu, 0.627, 2048, 33647, 1.50, 1950, 32579, 447, 9897
Dijkstra, 4.413, 2048, 33647, 1.50, 1950, 32579, 447, 9897
Hidden, 8.581, 2048, 33647, 1.50, 1950, 32579, 447, 9897
Uniform, 9.765, 2048, 33647, 1.50, 1950, 32579, 447, 9897
Tree, 0.261, 2048, 34611, 1.50, 2048, 34611, 457, 10226
SCC, 0.138, 2048, 34611, 1.50, 2048, 34611, 457, 10226
Toroslu, 0.741, 2048, 34611, 1.50, 2048, 34611, 457, 10226
Dijkstra, 5.201, 2048, 34611, 1.50, 2048, 34611, 457, 10226
Hidden, 10.226, 2048, 34611, 1.50, 2048, 34611, 457, 10226
Uniform, 11.571, 2048, 34611, 1.50, 2048, 34611, 457, 10226
Tree, 0.331, 2048, 397584, 1.90, 2048, 397584, 660, 228239
SCC, 0.270, 2048, 397584, 1.90, 2048, 397584, 660, 228239
Toroslu, 1.608, 2048, 397584, 1.90, 2048, 397584, 660, 228239
Dijkstra, 8.339, 2048, 397584, 1.90, 2048, 397584, 660, 228239
Hidden, 9.977, 2048, 397584, 1.90, 2048, 397584, 660, 228239
Uniform, 11.438, 2048, 397584, 1.90, 2048, 397584, 660, 228239
Tree, 0.267, 2048, 284775, 1.90, 2048, 284775, 370, 76154
SCC, 0.169, 2048, 284775, 1.90, 2048, 284775, 370, 76154
Toroslu, 0.681, 2048, 284775, 1.90, 2048, 284775, 370, 76154
Dijkstra, 6.872, 2048, 284775, 1.90, 2048, 284775, 370, 76154
Hidden, 9.045, 2048, 284775, 1.90, 2048, 284775, 370, 76154
Uniform, 10.344, 2048, 284775, 1.90, 2048, 284775, 370, 76154
Tree, 0.320, 2048, 368826, 1.90, 2048, 368826, 553, 163174
SCC, 0.234, 2048, 368826, 1.90, 2048, 368826, 553, 163174
Toroslu, 1.291, 2048, 368826, 1.90, 2048, 368826, 553, 163174
Dijkstra, 8.344, 2048, 368826, 1.90, 2048, 368826, 553, 163174
Hidden, 10.423, 2048, 368826, 1.90, 2048, 368826, 553, 163174
Uniform, 11.985, 2048, 368826, 1.90, 2048, 368826, 553, 163174
Tree, 0.319, 4096, 4168, 0.10, 4096, 4168, 620, 621
SCC, 0.219, 4096, 4168, 0.10, 4096, 4168, 620, 621
Toroslu, 0.282, 4096, 4168, 0.10, 4096, 4168, 620, 621
Dijkstra, 5.954, 4096, 4168, 0.10, 4096, 4168, 620, 621
Hidden, 33.458, 4096, 4168, 0.10, 4096, 4168, 620, 621
Uniform, 41.018, 4096, 4168, 0.10, 4096, 4168, 620, 621
Tree, 0.334, 4096, 4169, 0.10, 4096, 4169, 1748, 1750
SCC, 0.324, 4096, 4169, 0.10, 4096, 4169, 1748, 1750
Toroslu, 0.307, 4096, 4169, 0.10, 4096, 4169, 1748, 1750
Dijkstra, 5.942, 4096, 4169, 0.10, 4096, 4169, 1748, 1750
Hidden, 39.921, 4096, 4169, 0.10, 4096, 4169, 1748, 1750
Uniform, 48.886, 4096, 4169, 0.10, 4096, 4169, 1748, 1750
Tree, 0.303, 4096, 4156, 0.10, 4096, 4156, 1294, 1296
SCC, 0.213, 4096, 4156, 0.10, 4096, 4156, 1294, 1296
Toroslu, 0.250, 4096, 4156, 0.10, 4096, 4156, 1294, 1296
Dijkstra, 3.470, 4096, 4156, 0.10, 4096, 4156, 1294, 1296
Hidden, 29.085, 4096, 4156, 0.10, 4096, 4156, 1294, 1296
Uniform, 35.449, 4096, 4156, 0.10, 4096, 4156, 1294, 1296
Tree, 0.322, 4096, 4343, 0.50, 4096, 4343, 1507, 1545
SCC, 0.237, 4096, 4343, 0.50, 4096, 4343, 1507, 1545
Toroslu, 0.358, 4096, 4343, 0.50, 4096, 4343, 1507, 1545
Dijkstra, 8.924, 4096, 4343, 0.50, 4096, 4343, 1507, 1545
Hidden, 40.672, 4096, 4343, 0.50, 4096, 4343, 1507, 1545
Uniform, 49.748, 4096, 4343, 0.50, 4096, 4343, 1507, 1545
Tree, 0.332, 4096, 4339, 0.50, 4096, 4339, 871, 900
SCC, 0.171, 4096, 4339, 0.50, 4096, 4339, 871, 900
Toroslu, 0.242, 4096, 4339, 0.50, 4096, 4339, 871, 900
Dijkstra, 5.909, 4096, 4339, 0.50, 4096, 4339, 871, 900
Hidden, 26.933, 4096, 4339, 0.50, 4096, 4339, 871, 900
Uniform, 32.983, 4096, 4339, 0.50, 4096, 4339, 871, 900
Tree, 0.293, 4096, 4334, 0.50, 4096, 4334, 862, 891
SCC, 0.240, 4096, 4334, 0.50, 4096, 4334, 862, 891
Toroslu, 0.389, 4096, 4334, 0.50, 4096, 4334, 862, 891
Dijkstra, 9.530, 4096, 4334, 0.50, 4096, 4334, 862, 891
Hidden, 39.109, 4096, 4334, 0.50, 4096, 4334, 862, 891
Uniform, 47.584, 4096, 4334, 0.50, 4096, 4334, 862, 891
Tree, 0.476, 4096, 8252, 1.00, 4096, 8252, 937, 1874
SCC, 0.277, 4096, 8252, 1.00, 4096, 8252, 937, 1874
Toroslu, 1.555, 4096, 8252, 1.00, 4096, 8252, 937, 1874
Dijkstra, 16.329, 4096, 8252, 1.00, 4096, 8252, 937, 1874
Hidden, 44.813, 4096, 8252, 1.00, 4096, 8252, 937, 1874
Uniform, 52.850, 4096, 8252, 1.00, 4096, 8252, 937, 1874
Tree, 0.529, 4096, 8251, 1.00, 4096, 8251, 1182, 2364
SCC, 0.337, 4096, 8251, 1.00, 4096, 8251, 1182, 2364
Toroslu, 1.551, 4096, 8251, 1.00, 4096, 8251, 1182, 2364
Dijkstra, 18.910, 4096, 8251, 1.00, 4096, 8251, 1182, 2364
Hidden, 50.016, 4096, 8251, 1.00, 4096, 8251, 1182, 2364
Uniform, 58.959, 4096, 8251, 1.00, 4096, 8251, 1182, 2364
Tree, 0.592, 4096, 8242, 1.00, 4096, 8242, 1588, 3176
SCC, 0.447, 4096, 8242, 1.00, 4096, 8242, 1588, 3176
Toroslu, 3.389, 4096, 8242, 1.00, 4096, 8242, 1588, 3176
Dijkstra, 21.683, 4096, 8242, 1.00, 4096, 8242, 1588, 3176
Hidden, 59.405, 4096, 8242, 1.00, 4096, 8242, 1588, 3176
Uniform, 71.432, 4096, 8242, 1.00, 4096, 8242, 1588, 3176
Tree, 1.481, 4096, 98304, 1.50, 4096, 98304, 1146, 39941
SCC, 0.815, 4096, 98304, 1.50, 4096, 98304, 1146, 39941
Toroslu, 6.918, 4096, 98304, 1.50, 4096, 98304, 1146, 39941
Dijkstra, 25.164, 4096, 98304, 1.50, 4096, 98304, 1146, 39941
Hidden, 51.516, 4096, 98304, 1.50, 4096, 98304, 1146, 39941
Uniform, 56.178, 4096, 98304, 1.50, 4096, 98304, 1146, 39941
Tree, 1.645, 4096, 104672, 1.50, 4096, 104672, 1265, 46257
SCC, 0.997, 4096, 104672, 1.50, 4096, 104672, 1265, 46257
Toroslu, 10.159, 4096, 104672, 1.50, 4096, 104672, 1265, 46257
Dijkstra, 27.817, 4096, 104672, 1.50, 4096, 104672, 1265, 46257
Hidden, 55.620, 4096, 104672, 1.50, 4096, 104672, 1265, 46257
Uniform, 60.885, 4096, 104672, 1.50, 4096, 104672, 1265, 46257
Tree, 1.169, 4096, 93540, 1.50, 4096, 93540, 654, 17379
SCC, 0.623, 4096, 93540, 1.50, 4096, 93540, 654, 17379
Toroslu, 4.482, 4096, 93540, 1.50, 4096, 93540, 654, 17379
Dijkstra, 23.226, 4096, 93540, 1.50, 4096, 93540, 654, 17379
Hidden, 49.010, 4096, 93540, 1.50, 4096, 93540, 654, 17379
Uniform, 53.855, 4096, 93540, 1.50, 4096, 93540, 654, 17379
Tree, 2.042, 4096, 1372650, 1.90, 4096, 1372650, 1119, 621669
SCC, 1.245, 4096, 1372650, 1.90, 4096, 1372650, 1119, 621669
Toroslu, 9.959, 4096, 1372650, 1.90, 4096, 1372650, 1119, 621669
Dijkstra, 43.323, 4096, 1372650, 1.90, 4096, 1372650, 1119, 621669
Hidden, 46.994, 4096, 1372650, 1.90, 4096, 1372650, 1119, 621669
Uniform, 51.989, 4096, 1372650, 1.90, 4096, 1372650, 1119, 621669
Tree, 2.003, 4096, 1255352, 1.90, 4096, 1255352, 1022, 523366
SCC, 1.057, 4096, 1255352, 1.90, 4096, 1255352, 1022, 523366
Toroslu, 7.759, 4096, 1255352, 1.90, 4096, 1255352, 1022, 523366
Dijkstra, 46.587, 4096, 1255352, 1.90, 4096, 1255352, 1022, 523366
Hidden, 48.218, 4096, 1255352, 1.90, 4096, 1255352, 1022, 523366
Uniform, 53.524, 4096, 1255352, 1.90, 4096, 1255352, 1022, 523366
Tree, 0.076, 2048, 2111, 0.10, 2048, 2111, 468, 469
SCC, 0.058, 2048, 2111, 0.10, 2048, 2111, 468, 469
Toroslu, 0.062, 2048, 2111, 0.10, 2048, 2111, 468, 469
Dijkstra, 1.192, 2048, 2111, 0.10, 2048, 2111, 468, 469
Hidden, 7.082, 2048, 2111, 0.10, 2048, 2111, 468, 469
Uniform, 8.619, 2048, 2111, 0.10, 2048, 2111, 468, 469
Tree, 0.063, 2048, 2109, 0.10, 2048, 2109, 511, 512
SCC, 0.056, 2048, 2109, 0.10, 2048, 2109, 511, 512
Toroslu, 0.074, 2048, 2109, 0.10, 2048, 2109, 511, 512
Dijkstra, 1.459, 2048, 2109, 0.10, 2048, 2109, 511, 512
Hidden, 8.393, 2048, 2109, 0.10, 2048, 2109, 511, 512
Uniform, 10.103, 2048, 2109, 0.10, 2048, 2109, 511, 512
Tree, 0.055, 2048, 2104, 0.10, 2048, 2104, 681, 682
SCC, 0.045, 2048, 2104, 0.10, 2048, 2104, 681, 682
Toroslu, 0.062, 2048, 2104, 0.10, 2048, 2104, 681, 682
Dijkstra, 0.860, 2048, 2104, 0.10, 2048, 2104, 681, 682
Hidden, 7.400, 2048, 2104, 0.10, 2048, 2104, 681, 682
Uniform, 8.990, 2048, 2104, 0.10, 2048, 2104, 681, 682
Tree, 0.062, 2048, 2220, 0.50, 2048, 2220, 496, 518
SCC, 0.038, 2048, 2220, 0.50, 2048, 2220, 496, 518
Toroslu, 0.062, 2048, 2220, 0.50, 2048, 2220, 496, 518
Dijkstra, 1.427, 2048, 2220, 0.50, 2048, 2220, 496, 518
Hidden, 6.263, 2048, 2220, 0.50, 2048, 2220, 496, 518
Uniform, 7.586, 2048, 2220, 0.50, 2048, 2220, 496, 518
Tree, 0.058, 2048, 2228, 0.50, 2048, 2228, 421, 441
SCC, 0.061, 2048, 2228, 0.50, 2048, 2228, 421, 441
Toroslu, 0.079, 2048, 2228, 0.50, 2048, 2228, 421, 441
Dijkstra, 1.907, 2048, 2228, 0.50, 2048, 2228, 421, 441
Hidden, 8.335, 2048, 2228, 0.50, 2048, 2228, 421, 441
Uniform, 10.136, 2048, 2228, 0.50, 2048, 2228, 421, 441
Tree, 0.065, 2048, 2111, 0.10, 2048, 2111, 393, 394
SCC, 0.049, 2048, 2111, 0.10, 2048, 2111, 393, 394
Toroslu, 0.058, 2048, 2111, 0.10, 2048, 2111, 393, 394
Dijkstra, 0.985, 2048, 2111, 0.10, 2048, 2111, 393, 394
Tree, 0.056, 2048, 2102, 0.10, 2048, 2102, 571, 572
SCC, 0.049, 2048, 2102, 0.10, 2048, 2102, 571, 572
Toroslu, 0.062, 2048, 2102, 0.10, 2048, 2102, 571, 572
Dijkstra, 1.144, 2048, 2102, 0.10, 2048, 2102, 571, 572
Tree, 0.062, 2048, 2091, 0.10, 2048, 2091, 681, 682
SCC, 0.043, 2048, 2091, 0.10, 2048, 2091, 681, 682
Toroslu, 0.058, 2048, 2091, 0.10, 2048, 2091, 681, 682
Dijkstra, 0.871, 2048, 2091, 0.10, 2048, 2091, 681, 682
Tree, 0.061, 2048, 2231, 0.50, 2048, 2231, 648, 673
SCC, 0.067, 2048, 2231, 0.50, 2048, 2231, 648, 673
Toroslu, 0.088, 2048, 2231, 0.50, 2048, 2231, 648, 673
Dijkstra, 2.046, 2048, 2231, 0.50, 2048, 2231, 648, 673
Tree, 0.065, 2048, 2227, 0.50, 2048, 2227, 426, 446
SCC, 0.040, 2048, 2227, 0.50, 2048, 2227, 426, 446
Toroslu, 0.067, 2048, 2227, 0.50, 2048, 2227, 426, 446
Dijkstra, 1.381, 2048, 2227, 0.50, 2048, 2227, 426, 446
Tree, 0.067, 2048, 2224, 0.50, 2048, 2224, 688, 714
SCC, 0.051, 2048, 2224, 0.50, 2048, 2224, 688, 714
Toroslu, 0.075, 2048, 2224, 0.50, 2048, 2224, 688, 714
Dijkstra, 1.848, 2048, 2224, 0.50, 2048, 2224, 688, 714
Tree, 0.094, 2048, 4154, 1.00, 2048, 4154, 753, 1506
SCC, 0.089, 2048, 4154, 1.00, 2048, 4154, 753, 1506
Toroslu, 0.305, 2048, 4154, 1.00, 2048, 4154, 753, 1506
Dijkstra, 4.539, 2048, 4154, 1.00, 2048, 4154, 753, 1506
Tree, 0.103, 2048, 4129, 1.00, 2048, 4129, 621, 1242
SCC, 0.080, 2048, 4129, 1.00, 2048, 4129, 621, 1242
Toroslu, 0.578, 2048, 4129, 1.00, 2048, 4129, 621, 1242
Dijkstra, 4.372, 2048, 4129, 1.00, 2048, 4129, 621, 1242
Tree, 0.106, 2048, 4133, 1.00, 2048, 4133, 966, 1932
SCC, 0.080, 2048, 4133, 1.00, 2048, 4133, 966, 1932
Toroslu, 0.567, 2048, 4133, 1.00, 2048, 4133, 966, 1932
Dijkstra, 3.952, 2048, 4133, 1.00, 2048, 4133, 966, 1932
Tree, 0.183, 2048, 32171, 1.50, 2048, 32171, 262, 4502
SCC, 0.106, 2048, 32171, 1.50, 2048, 32171, 262, 4502
Toroslu, 0.402, 2048, 32171, 1.50, 2048, 32171, 262, 4502
Dijkstra, 4.477, 2048, 32171, 1.50, 2048, 32171, 262, 4502
Tree, 0.184, 2048, 34649, 1.50, 2048, 34649, 428, 9282
SCC, 0.128, 2048, 34649, 1.50, 2048, 34649, 428, 9282
Toroslu, 0.653, 2048, 34649, 1.50, 2048, 34649, 428, 9282
Dijkstra, 3.835, 2048, 34649, 1.50, 2048, 34649, 428, 9282
Tree, 0.268, 2048, 37026, 1.50, 2048, 37026, 511, 12062
SCC, 0.171, 2048, 37026, 1.50, 2048, 37026, 511, 12062
Toroslu, 1.043, 2048, 37026, 1.50, 2048, 37026, 511, 12062
Dijkstra, 5.286, 2048, 37026, 1.50, 2048, 37026, 511, 12062
Tree, 0.323, 2048, 391764, 1.90, 2048, 391764, 500, 134789
SCC, 0.247, 2048, 391764, 1.90, 2048, 391764, 500, 134789
Toroslu, 1.293, 2048, 391764, 1.90, 2048, 391764, 500, 134789
Dijkstra, 8.283, 2048, 391764, 1.90, 2048, 391764, 500, 134789
Tree, 0.261, 2048, 330769, 1.90, 2048, 330769, 532, 151620
SCC, 0.198, 2048, 330769, 1.90, 2048, 330769, 532, 151620
Toroslu, 1.037, 2048, 330769, 1.90, 2048, 330769, 532, 151620
Dijkstra, 5.477, 2048, 330769, 1.90, 2048, 330769, 532, 151620
Tree, 0.293, 2048, 337716, 1.90, 2048, 337716, 409, 92088
SCC, 0.209, 2048, 337716, 1.90, 2048, 337716, 409, 92088
Toroslu, 0.970, 2048, 337716, 1.90, 2048, 337716, 409, 92088
Dijkstra, 7.516, 2048, 337716, 1.90, 2048, 337716, 409, 92088
Tree, 0.378, 4096, 4171, 0.10, 4096, 4171, 993, 994
SCC, 0.251, 4096, 4171, 0.10, 4096, 4171, 993, 994
Toroslu, 0.275, 4096, 4171, 0.10, 4096, 4171, 993, 994
Dijkstra, 4.904, 4096, 4171, 0.10, 4096, 4171, 993, 994
Tree, 0.361, 4096, 4159, 0.10, 4096, 4159, 1080, 1082
SCC, 0.240, 4096, 4159, 0.10, 4096, 4159, 1080, 1082
Toroslu, 0.244, 4096, 4159, 0.10, 4096, 4159, 1080, 1082
Dijkstra, 4.596, 4096, 4159, 0.10, 4096, 4159, 1080, 1082
Tree, 0.350, 4096, 4149, 0.10, 4096, 4149, 802, 803
SCC, 0.205, 4096, 4149, 0.10, 4096, 4149, 802, 803
Toroslu, 0.239, 4096, 4149, 0.10, 4096, 4149, 802, 803
Dijkstra, 3.624, 4096, 4149, 0.10, 4096, 4149, 802, 803
Tree, 0.361, 4096, 4357, 0.50, 4096, 4357, 888, 917
SCC, 0.276, 4096, 4357, 0.50, 4096, 4357, 888, 917
Toroslu, 0.371, 4096, 4357, 0.50, 4096, 4357, 888, 917
Dijkstra, 9.539, 4096, 4357, 0.50, 4096, 4357, 888, 917
Tree, 0.355, 4096, 4355, 0.50, 4096, 4355, 509, 531
SCC, 0.187, 4096, 4355, 0.50, 4096, 4355, 509, 531
Toroslu, 0.295, 4096, 4355, 0.50, 4096, 4355, 509, 531
Dijkstra, 8.786, 4096, 4355, 0.50, 4096, 4355, 509, 531
Tree, 0.371, 4096, 4339, 0.50, 4096, 4339, 1208, 1242
SCC, 0.211, 4096, 4339, 0.50, 4096, 4339, 1208, 1242
Toroslu, 0.364, 4096, 4339, 0.50, 4096, 4339, 1208, 1242
Dijkstra, 8.753, 4096, 4339, 0.50, 4096, 4339, 1208, 1242
Tree, 0.537, 4096, 8249, 1.00, 4096, 8249, 920, 1840
SCC, 0.265, 4096, 8249, 1.00, 4096, 8249, 920, 1840
Toroslu, 1.457, 4096, 8249, 1.00, 4096, 8249, 920, 1840
Dijkstra, 15.805, 4096, 8249, 1.00, 4096, 8249, 920, 1840
Tree, 0.688, 4096, 8239, 1.00, 4096, 8239, 1845, 3690
SCC, 0.395, 4096, 8239, 1.00, 4096, 8239, 1845, 3690
Toroslu, 5.130, 4096, 8239, 1.00, 4096, 8239, 1845, 3690
Dijkstra, 18.923, 4096, 8239, 1.00, 4096, 8239, 1845, 3690
Tree, 0.063, 2048, 2114, 0.10, 0 2048, 2114, 11, 430, 431
SCC, 0.046, 2048, 2114, 0.10, 0 2048, 2114, 11, 430, 431
Toroslu, 0.068, 2048, 2114, 0.10, 0 2048, 2114, 11, 430, 431
Dijkstra, 1.002, 2048, 2114, 0.10, 0 2048, 2114, 11, 430, 431
Tree, 0.066, 2048, 2101, 0.10, 0 2048, 2101, 11, 615, 616
SCC, 0.057, 2048, 2101, 0.10, 0 2048, 2101, 11, 615, 616
Toroslu, 0.073, 2048, 2101, 0.10, 0 2048, 2101, 11, 615, 616
Dijkstra, 1.319, 2048, 2101, 0.10, 0 2048, 2101, 11, 615, 616
Tree, 0.058, 2048, 2105, 0.10, 0 2048, 2105, 11, 434, 435
SCC, 0.053, 2048, 2105, 0.10, 0 2048, 2105, 11, 434, 435
Toroslu, 0.067, 2048, 2105, 0.10, 0 2048, 2105, 11, 434, 435
Dijkstra, 1.145, 2048, 2105, 0.10, 0 2048, 2105, 11, 434, 435
Tree, 0.060, 2048, 2214, 0.50, 0 2048, 2214, 11, 537, 560
SCC, 0.047, 2048, 2214, 0.50, 0 2048, 2214, 11, 537, 560
Toroslu, 0.076, 2048, 2214, 0.50, 0 2048, 2214, 11, 537, 560
Dijkstra, 1.567, 2048, 2214, 0.50, 0 2048, 2214, 11, 537, 560
Tree, 0.061, 2048, 2209, 0.50, 0 2048, 2209, 11, 936, 966
SCC, 0.054, 2048, 2209, 0.50, 0 2048, 2209, 11, 936, 966
Toroslu, 0.085, 2048, 2209, 0.50, 0 2048, 2209, 11, 936, 966
Dijkstra, 1.624, 2048, 2209, 0.50, 0 2048, 2209, 11, 936, 966
Tree, 0.059, 2048, 2217, 0.50, 0 2048, 2217, 11, 579, 603
SCC, 0.047, 2048, 2217, 0.50, 0 2048, 2217, 11, 579, 603
Toroslu, 0.074, 2048, 2217, 0.50, 0 2048, 2217, 11, 579, 603
Dijkstra, 1.718, 2048, 2217, 0.50, 0 2048, 2217, 11, 579, 603
Tree, 0.123, 2048, 4153, 1.00, 0 2048, 4153, 11, 463, 926
SCC, 0.077, 2048, 4153, 1.00, 0 2048, 4153, 11, 463, 926
Toroslu, 0.263, 2048, 4153, 1.00, 0 2048, 4153, 11, 463, 926
Dijkstra, 4.193, 2048, 4153, 1.00, 0 2048, 4153, 11, 463, 926
Tree, 0.108, 2048, 4150, 1.00, 0 2048, 4150, 11, 551, 1102
SCC, 0.065, 2048, 4150, 1.00, 0 2048, 4150, 11, 551, 1102
Toroslu, 0.241, 2048, 4150, 1.00, 0 2048, 4150, 11, 551, 1102
Dijkstra, 3.485, 2048, 4150, 1.00, 0 2048, 4150, 11, 551, 1102
Tree, 0.123, 2048, 4145, 1.00, 0 2048, 4145, 11, 635, 1270
SCC, 0.080, 2048, 4145, 1.00, 0 2048, 4145, 11, 635, 1270
Toroslu, 0.305, 2048, 4145, 1.00, 0 2048, 4145, 11, 635, 1270
Dijkstra, 4.472, 2048, 4145, 1.00, 0 2048, 4145, 11, 635, 1270
Tree, 0.324, 2048, 35809, 1.50, 0 2048, 35809, 11, 400, 8400
SCC, 0.158, 2048, 35809, 1.50, 0 2048, 35809, 11, 400, 8400
Toroslu, 0.757, 2048, 35809, 1.50, 0 2048, 35809, 11, 400, 8400
Dijkstra, 5.694, 2048, 35809, 1.50, 0 2048, 35809, 11, 400, 8400
Tree, 0.375, 2048, 39672, 1.50, 0 2048, 39672, 11, 689, 18774
SCC, 0.221, 2048, 39672, 1.50, 0 2048, 39672, 11, 689, 18774
Toroslu, 1.652, 2048, 39672, 1.50, 0 2048, 39672, 11, 689, 18774
Dijkstra, 5.865, 2048, 39672, 1.50, 0 2048, 39672, 11, 689, 18774
Tree, 0.284, 2048, 35862, 1.50, 0 2048, 35862, 11, 422, 9090
SCC, 0.147, 2048, 35862, 1.50, 0 2048, 35862, 11, 422, 9090
Toroslu, 0.816, 2048, 35862, 1.50, 0 2048, 35862, 11, 422, 9090
Dijkstra, 5.084, 2048, 35862, 1.50, 0 2048, 35862, 11, 422, 9090
Tree, 0.494, 2048, 407542, 1.90, 0 2048, 407542, 11, 649, 221076
SCC, 0.284, 2048, 407542, 1.90, 0 2048, 407542, 11, 649, 221076
Toroslu, 1.680, 2048, 407542, 1.90, 0 2048, 407542, 11, 649, 221076
Dijkstra, 9.961, 2048, 407542, 1.90, 0 2048, 407542, 11, 649, 221076
Tree, 0.369, 2048, 316298, 1.90, 0 2048, 316298, 11, 472, 120834
SCC, 0.229, 2048, 316298, 1.90, 0 2048, 316298, 11, 472, 120834
Toroslu, 0.963, 2048, 316298, 1.90, 0 2048, 316298, 11, 472, 120834
Dijkstra, 8.068, 2048, 316298, 1.90, 0 2048, 316298, 11, 472, 120834
Tree, 0.427, 2048, 385622, 1.90, 0 2048, 385622, 11, 507, 138391
SCC, 0.240, 2048, 385622, 1.90, 0 2048, 385622, 11, 507, 138391
Toroslu, 1.366, 2048, 385622, 1.90, 0 2048, 385622, 11, 507, 138391
Dijkstra, 9.185, 2048, 385622, 1.90, 0 2048, 385622, 11, 507, 138391
Tree, 0.384, 4096, 4171, 0.10, 0 4096, 4171, 12, 1484, 1486
SCC, 0.322, 4096, 4171, 0.10, 0 4096, 4171, 12, 1484, 1486
Toroslu, 0.370, 4096, 4171, 0.10, 0 4096, 4171, 12, 1484, 1486
Dijkstra, 5.072, 4096, 4171, 0.10, 0 4096, 4171, 12, 1484, 1486
Tree, 0.337, 4096, 4164, 0.10, 0 4096, 4164, 12, 1065, 1067
SCC, 0.219, 4096, 4164, 0.10, 0 4096, 4164, 12, 1065, 1067
Toroslu, 0.314, 4096, 4164, 0.10, 0 4096, 4164, 12, 1065, 1067
Dijkstra, 4.637, 4096, 4164, 0.10, 0 4096, 4164, 12, 1065, 1067
Tree, 0.322, 4096, 4156, 0.10, 0 4096, 4156, 12, 667, 668
SCC, 0.193, 4096, 4156, 0.10, 0 4096, 4156, 12, 667, 668
Toroslu, 0.282, 4096, 4156, 0.10, 0 4096, 4156, 12, 667, 668
Dijkstra, 4.546, 4096, 4156, 0.10, 0 4096, 4156, 12, 667, 668
Tree, 0.387, 4096, 4364, 0.50, 0 4096, 4364, 12, 1103, 1136
SCC, 0.273, 4096, 4364, 0.50, 0 4096, 4364, 12, 1103, 1136
Toroslu, 0.505, 4096, 4364, 0.50, 0 4096, 4364, 12, 1103, 1136
Dijkstra, 10.102, 4096, 4364, 0.50, 0 4096, 4364, 12, 1103, 1136
Tree, 0.326, 4096, 4338, 0.50, 0 4096, 4338, 12, 1488, 1526
SCC, 0.218, 4096, 4338, 0.50, 0 4096, 4338, 12, 1488, 1526
Toroslu, 0.371, 4096, 4338, 0.50, 0 4096, 4338, 12, 1488, 1526
Dijkstra, 6.390, 4096, 4338, 0.50, 0 4096, 4338, 12, 1488, 1526
Tree, 0.337, 4096, 4335, 0.50, 0 4096, 4335, 12, 681, 707
SCC, 0.177, 4096, 4335, 0.50, 0 4096, 4335, 12, 681, 707
Toroslu, 0.357, 4096, 4335, 0.50, 0 4096, 4335, 12, 681, 707
Dijkstra, 6.664, 4096, 4335, 0.50, 0 4096, 4335, 12, 681, 707
Tree, 0.683, 4096, 8234, 1.00, 0 4096, 8234, 12, 941, 1882
SCC, 0.297, 4096, 8234, 1.00, 0 4096, 8234, 12, 941, 1882
Toroslu, 1.961, 4096, 8234, 1.00, 0 4096, 8234, 12, 941, 1882
Dijkstra, 16.360, 4096, 8234, 1.00, 0 4096, 8234, 12, 941, 1882
Tree, 0.835, 4096, 8239, 1.00, 0 4096, 8239, 12, 1231, 2462
SCC, 0.363, 4096, 8239, 1.00, 0 4096, 8239, 12, 1231, 2462
Toroslu, 3.422, 4096, 8239, 1.00, 0 4096, 8239, 12, 1231, 2462
Dijkstra, 19.930, 4096, 8239, 1.00, 0 4096, 8239, 12, 1231, 2462
Tree, 0.838, 4096, 8257, 1.00, 0 4096, 8257, 12, 1492, 2984
SCC, 0.367, 4096, 8257, 1.00, 0 4096, 8257, 12, 1492, 2984
Toroslu, 5.006, 4096, 8257, 1.00, 0 4096, 8257, 12, 1492, 2984
Dijkstra, 20.304, 4096, 8257, 1.00, 0 4096, 8257, 12, 1492, 2984
Tree, 2.707, 4096, 98096, 1.50, 0 4096, 98096, 12, 790, 22994
SCC, 0.787, 4096, 98096, 1.50, 0 4096, 98096, 12, 790, 22994
Toroslu, 6.134, 4096, 98096, 1.50, 0 4096, 98096, 12, 790, 22994
Dijkstra, 27.178, 4096, 98096, 1.50, 0 4096, 98096, 12, 790, 22994
Tree, 2.816, 4096, 107468, 1.50, 0 4096, 107468, 12, 1216, 43619
SCC, 1.102, 4096, 107468, 1.50, 0 4096, 107468, 12, 1216, 43619
Toroslu, 11.008, 4096, 107468, 1.50, 0 4096, 107468, 12, 1216, 43619
Dijkstra, 26.977, 4096, 107468, 1.50, 0 4096, 107468, 12, 1216, 43619
Tree, 2.027, 4096, 89539, 1.50, 0 4096, 89539, 12, 657, 17497
SCC, 0.556, 4096, 89539, 1.50, 0 4096, 89539, 12, 657, 17497
Toroslu, 4.862, 4096, 89539, 1.50, 0 4096, 89539, 12, 657, 17497
Dijkstra, 21.285, 4096, 89539, 1.50, 0 4096, 89539, 12, 657, 17497
Tree, 3.352, 4096, 1496214, 1.90, 0 4096, 1496214, 12, 1347, 884016
SCC, 1.486, 4096, 1496214, 1.90, 0 4096, 1496214, 12, 1347, 884016
Toroslu, 13.335, 4096, 1496214, 1.90, 0 4096, 1496214, 12, 1347, 884016
Dijkstra, 47.553, 4096, 1496214, 1.90, 0 4096, 1496214, 12, 1347, 884016
Tree, 3.899, 4096, 1452036, 1.90, 0 4096, 1452036, 12, 1132, 635451
SCC, 1.486, 4096, 1452036, 1.90, 0 4096, 1452036, 12, 1132, 635451
Toroslu, 11.210, 4096, 1452036, 1.90, 0 4096, 1452036, 12, 1132, 635451
Dijkstra, 50.304, 4096, 1452036, 1.90, 0 4096, 1452036, 12, 1132, 635451
Tree, 2.444, 4096, 983234, 1.90, 0 4096, 983234, 12, 786, 317963
SCC, 0.756, 4096, 983234, 1.90, 0 4096, 983234, 12, 786, 317963
Toroslu, 4.556, 4096, 983234, 1.90, 0 4096, 983234, 12, 786, 317963
Dijkstra, 32.678, 4096, 983234, 1.90, 0 4096, 983234, 12, 786, 317963
Tree, 0.013, 1024, 1074, 0.10, 0 1024, 1074, 10, 293, 294
SCC, 0.012, 1024, 1074, 0.10, 0 1024, 1074, 10, 293, 294
Toroslu, 0.015, 1024, 1074, 0.10, 0 1024, 1074, 10, 293, 294
Dijkstra, 0.267, 1024, 1074, 0.10, 0 1024, 1074, 10, 293, 294
Tree, 0.013, 1024, 1074, 0.10, 0 1024, 1074, 10, 293, 294
SCC, 0.012, 1024, 1074, 0.10, 0 1024, 1074, 10, 293, 294
Toroslu, 0.016, 1024, 1074, 0.10, 0 1024, 1074, 10, 293, 294
Dijkstra, 0.265, 1024, 1074, 0.10, 0 1024, 1074, 10, 293, 294
Tree, 0.013, 1024, 1074, 0.10, 0 1024, 1074, 10, 293, 294
SCC, 0.013, 1024, 1074, 0.10, 0 1024, 1074, 10, 293, 294
Toroslu, 0.015, 1024, 1074, 0.10, 0 1024, 1074, 10, 293, 294
Dijkstra, 0.266, 1024, 1074, 0.10, 0 1024, 1074, 10, 293, 294
Tree, 0.013, 1024, 1149, 0.50, 0 1024, 1149, 10, 297, 314
SCC, 0.011, 1024, 1149, 0.50, 0 1024, 1149, 10, 297, 314
Toroslu, 0.015, 1024, 1149, 0.50, 0 1024, 1149, 10, 297, 314
Dijkstra, 0.346, 1024, 1149, 0.50, 0 1024, 1149, 10, 297, 314
Tree, 0.014, 1024, 1149, 0.50, 0 1024, 1149, 10, 297, 314
SCC, 0.011, 1024, 1149, 0.50, 0 1024, 1149, 10, 297, 314
Toroslu, 0.016, 1024, 1149, 0.50, 0 1024, 1149, 10, 297, 314
Dijkstra, 0.344, 1024, 1149, 0.50, 0 1024, 1149, 10, 297, 314
Tree, 0.014, 1024, 1149, 0.50, 0 1024, 1149, 10, 307, 324
SCC, 0.012, 1024, 1149, 0.50, 0 1024, 1149, 10, 307, 324
Toroslu, 0.018, 1024, 1149, 0.50, 0 1024, 1149, 10, 307, 324
Dijkstra, 0.443, 1024, 1149, 0.50, 0 1024, 1149, 10, 307, 324
Tree, 0.025, 1024, 2084, 1.00, 0 1024, 2084, 10, 307, 614
SCC, 0.014, 1024, 2084, 1.00, 0 1024, 2084, 10, 307, 614
Toroslu, 0.040, 1024, 2084, 1.00, 0 1024, 2084, 10, 307, 614
Dijkstra, 0.675, 1024, 2084, 1.00, 0 1024, 2084, 10, 307, 614
Tree, 0.030, 1024, 2103, 1.00, 0 1024, 2103, 10, 526, 1052
SCC, 0.025, 1024, 2103, 1.00, 0 1024, 2103, 10, 526, 1052
Toroslu, 0.114, 1024, 2103, 1.00, 0 1024, 2103, 10, 526, 1052
Dijkstra, 1.166, 1024, 2103, 1.00, 0 1024, 2103, 10, 526, 1052
Tree, 0.027, 1024, 2084, 1.00, 0 1024, 2084, 10, 304, 608
SCC, 0.018, 1024, 2084, 1.00, 0 1024, 2084, 10, 304, 608
Toroslu, 0.058, 1024, 2084, 1.00, 0 1024, 2084, 10, 304, 608
Dijkstra, 0.945, 1024, 2084, 1.00, 0 1024, 2084, 10, 304, 608
Tree, 0.061, 1024, 13968, 1.50, 0 1024, 13968, 10, 262, 4502
SCC, 0.041, 1024, 13968, 1.50, 0 1024, 13968, 10, 262, 4502
Toroslu, 0.152, 1024, 13968, 1.50, 0 1024, 13968, 10, 262, 4502
Dijkstra, 1.366, 1024, 13968, 1.50, 0 1024, 13968, 10, 262, 4502
Tree, 0.076, 1024, 14289, 1.50, 0 1024, 14289, 10, 312, 5823
SCC, 0.043, 1024, 14289, 1.50, 0 1024, 14289, 10, 312, 5823
Toroslu, 0.220, 1024, 14289, 1.50, 0 1024, 14289, 10, 312, 5823
Dijkstra, 1.346, 1024, 14289, 1.50, 0 1024, 14289, 10, 312, 5823
Tree, 0.078, 1024, 15754, 1.50, 0 1024, 15754, 10, 406, 8586
SCC, 0.053, 1024, 15754, 1.50, 0 1024, 15754, 10, 406, 8586
Toroslu, 0.277, 1024, 15754, 1.50, 0 1024, 15754, 10, 406, 8586
Dijkstra, 1.381, 1024, 15754, 1.50, 0 1024, 15754, 10, 406, 8586
Tree, 0.082, 1024, 115753, 1.90, 0 1024, 115753, 10, 298, 50533
SCC, 0.056, 1024, 115753, 1.90, 0 1024, 115753, 10, 298, 50533
Toroslu, 0.235, 1024, 115753, 1.90, 0 1024, 115753, 10, 298, 50533
Dijkstra, 1.574, 1024, 115753, 1.90, 0 1024, 115753, 10, 298, 50533
Tree, 0.063, 1024, 91961, 1.90, 0 1024, 91961, 10, 247, 35413
SCC, 0.039, 1024, 91961, 1.90, 0 1024, 91961, 10, 247, 35413
Toroslu, 0.142, 1024, 91961, 1.90, 0 1024, 91961, 10, 247, 35413
Dijkstra, 1.334, 1024, 91961, 1.90, 0 1024, 91961, 10, 247, 35413
Tree, 0.064, 1024, 85434, 1.90, 0 1024, 85434, 10, 199, 23523
SCC, 0.036, 1024, 85434, 1.90, 0 1024, 85434, 10, 199, 23523
Toroslu, 0.118, 1024, 85434, 1.90, 0 1024, 85434, 10, 199, 23523
Dijkstra, 1.605, 1024, 85434, 1.90, 0 1024, 85434, 10, 199, 23523
Tree, 0.059, 2048, 2094, 0.10, 0 2048, 2094, 11, 824, 825
SCC, 0.050, 2048, 2094, 0.10, 0 2048, 2094, 11, 824, 825
Toroslu, 0.069, 2048, 2094, 0.10, 0 2048, 2094, 11, 824, 825
Dijkstra, 0.797, 2048, 2094, 0.10, 0 2048, 2094, 11, 824, 825
Tree, 0.057, 2048, 2108, 0.10, 0 2048, 2108, 11, 515, 516
SCC, 0.055, 2048, 2108, 0.10, 0 2048, 2108, 11, 515, 516
Toroslu, 0.069, 2048, 2108, 0.10, 0 2048, 2108, 11, 515, 516
Dijkstra, 1.208, 2048, 2108, 0.10, 0 2048, 2108, 11, 515, 516
Tree, 0.055, 2048, 2101, 0.10, 0 2048, 2101, 11, 423, 424
SCC, 0.048, 2048, 2101, 0.10, 0 2048, 2101, 11, 423, 424
Toroslu, 0.063, 2048, 2101, 0.10, 0 2048, 2101, 11, 423, 424
Dijkstra, 0.786, 2048, 2101, 0.10, 0 2048, 2101, 11, 423, 424
Tree, 0.058, 2048, 2248, 0.50, 0 2048, 2248, 11, 423, 443
SCC, 0.051, 2048, 2248, 0.50, 0 2048, 2248, 11, 423, 443
Toroslu, 0.083, 2048, 2248, 0.50, 0 2048, 2248, 11, 423, 443
Dijkstra, 1.762, 2048, 2248, 0.50, 0 2048, 2248, 11, 423, 443
Tree, 0.062, 2048, 2227, 0.50, 0 2048, 2227, 11, 380, 399
SCC, 0.057, 2048, 2227, 0.50, 0 2048, 2227, 11, 380, 399
Toroslu, 0.094, 2048, 2227, 0.50, 0 2048, 2227, 11, 380, 399
Dijkstra, 2.158, 2048, 2227, 0.50, 0 2048, 2227, 11, 380, 399
Tree, 0.063, 2048, 2233, 0.50, 0 2048, 2233, 11, 396, 415
SCC, 0.059, 2048, 2233, 0.50, 0 2048, 2233, 11, 396, 415
Toroslu, 0.099, 2048, 2233, 0.50, 0 2048, 2233, 11, 396, 415
Dijkstra, 2.257, 2048, 2233, 0.50, 0 2048, 2233, 11, 396, 415
Tree, 0.097, 2048, 4150, 1.00, 0 2048, 4150, 11, 429, 858
SCC, 0.057, 2048, 4150, 1.00, 0 2048, 4150, 11, 429, 858
Toroslu, 0.255, 2048, 4150, 1.00, 0 2048, 4150, 11, 429, 858
Dijkstra, 2.727, 2048, 4150, 1.00, 0 2048, 4150, 11, 429, 858
Tree, 0.121, 2048, 4152, 1.00, 0 2048, 4152, 11, 600, 1200
SCC, 0.085, 2048, 4152, 1.00, 0 2048, 4152, 11, 600, 1200
Toroslu, 0.288, 2048, 4152, 1.00, 0 2048, 4152, 11, 600, 1200
Dijkstra, 4.149, 2048, 4152, 1.00, 0 2048, 4152, 11, 600, 1200
Tree, 0.116, 2048, 4134, 1.00, 0 2048, 4134, 11, 492, 984
SCC, 0.065, 2048, 4134, 1.00, 0 2048, 4134, 11, 492, 984
Toroslu, 0.338, 2048, 4134, 1.00, 0 2048, 4134, 11, 492, 984
Dijkstra, 3.217, 2048, 4134, 1.00, 0 2048, 4134, 11, 492, 984
Tree, 0.322, 2048, 39240, 1.50, 0 2048, 39240, 11, 621, 16096
SCC, 0.201, 2048, 39240, 1.50, 0 2048, 39240, 11, 621, 16096
Toroslu, 1.779, 2048, 39240, 1.50, 0 2048, 39240, 11, 621, 16096
Dijkstra, 5.605, 2048, 39240, 1.50, 0 2048, 39240, 11, 621, 16096
Tree, 0.021, 1024, 1075, 0.10, 0 1024, 1075, 10, 306, 307
SCC, 0.467, 1024, 1075, 0.10, 0 1024, 1075, 10, 306, 307
Toroslu, 0.025, 1024, 1075, 0.10, 0 1024, 1075, 10, 306, 307
Dijkstra, 0.282, 1024, 1075, 0.10, 0 1024, 1075, 10, 306, 307
Tree, 0.013, 1024, 1070, 0.10, 0 1024, 1070, 10, 321, 322
SCC, 0.343, 1024, 1070, 0.10, 0 1024, 1070, 10, 321, 322
Toroslu, 0.016, 1024, 1070, 0.10, 0 1024, 1070, 10, 321, 322
Dijkstra, 0.265, 1024, 1070, 0.10, 0 1024, 1070, 10, 321, 322
Tree, 0.013, 1024, 1065, 0.10, 0 1024, 1065, 10, 413, 414
SCC, 0.383, 1024, 1065, 0.10, 0 1024, 1065, 10, 413, 414
Toroslu, 0.018, 1024, 1065, 0.10, 0 1024, 1065, 10, 413, 414
Dijkstra, 0.243, 1024, 1065, 0.10, 0 1024, 1065, 10, 413, 414
Tree, 0.014, 1024, 1140, 0.50, 0 1024, 1140, 10, 385, 404
SCC, 0.281, 1024, 1140, 0.50, 0 1024, 1140, 10, 385, 404
Toroslu, 0.020, 1024, 1140, 0.50, 0 1024, 1140, 10, 385, 404
Dijkstra, 0.393, 1024, 1140, 0.50, 0 1024, 1140, 10, 385, 404
Tree, 0.013, 1024, 1132, 0.50, 0 1024, 1132, 10, 412, 432
SCC, 0.142, 1024, 1132, 0.50, 0 1024, 1132, 10, 412, 432
Toroslu, 0.014, 1024, 1132, 0.50, 0 1024, 1132, 10, 412, 432
Dijkstra, 0.295, 1024, 1132, 0.50, 0 1024, 1132, 10, 412, 432
Tree, 0.013, 1024, 1132, 0.50, 0 1024, 1132, 10, 412, 432
SCC, 0.142, 1024, 1132, 0.50, 0 1024, 1132, 10, 412, 432
Toroslu, 0.014, 1024, 1132, 0.50, 0 1024, 1132, 10, 412, 432
Dijkstra, 0.304, 1024, 1132, 0.50, 0 1024, 1132, 10, 412, 432
Tree, 0.027, 1024, 2090, 1.00, 0 1024, 2090, 10, 275, 550
SCC, 0.461, 1024, 2090, 1.00, 0 1024, 2090, 10, 275, 550
Toroslu, 0.044, 1024, 2090, 1.00, 0 1024, 2090, 10, 275, 550
Dijkstra, 0.952, 1024, 2090, 1.00, 0 1024, 2090, 10, 275, 550
Tree, 0.015, 1024, 1074, 0.10, 0 1024, 1074, 10, 386, 387
SCC, 0.012, 1024, 1074, 0.10, 0 1024, 1074, 10, 386, 387
Toroslu, 0.014, 1024, 1074, 0.10, 0 1024, 1074, 10, 386, 387
Dijkstra, 0.244, 1024, 1074, 0.10, 0 1024, 1074, 10, 386, 387
Tree, 0.012, 1024, 1074, 0.10, 0 1024, 1074, 10, 386, 387
SCC, 0.010, 1024, 1074, 0.10, 0 1024, 1074, 10, 386, 387
Toroslu, 0.014, 1024, 1074, 0.10, 0 1024, 1074, 10, 386, 387
Dijkstra, 0.246, 1024, 1074, 0.10, 0 1024, 1074, 10, 386, 387
Tree, 0.013, 1024, 1074, 0.10, 0 1024, 1074, 10, 386, 387
SCC, 0.010, 1024, 1074, 0.10, 0 1024, 1074, 10, 386, 387
Toroslu, 0.014, 1024, 1074, 0.10, 0 1024, 1074, 10, 386, 387
Dijkstra, 0.244, 1024, 1074, 0.10, 0 1024, 1074, 10, 386, 387
Tree, 0.014, 1024, 1151, 0.50, 0 1024, 1151, 10, 304, 321
SCC, 0.011, 1024, 1151, 0.50, 0 1024, 1151, 10, 304, 321
Toroslu, 0.018, 1024, 1151, 0.50, 0 1024, 1151, 10, 304, 321
Dijkstra, 0.445, 1024, 1151, 0.50, 0 1024, 1151, 10, 304, 321
Tree, 0.014, 1024, 1151, 0.50, 0 1024, 1151, 10, 304, 321
SCC, 0.012, 1024, 1151, 0.50, 0 1024, 1151, 10, 304, 321
Toroslu, 0.018, 1024, 1151, 0.50, 0 1024, 1151, 10, 304, 321
Dijkstra, 0.446, 1024, 1151, 0.50, 0 1024, 1151, 10, 304, 321
Tree, 0.014, 1024, 1146, 0.50, 0 1024, 1146, 10, 295, 312
SCC, 0.012, 1024, 1146, 0.50, 0 1024, 1146, 10, 295, 312
Toroslu, 0.022, 1024, 1146, 0.50, 0 1024, 1146, 10, 295, 312
Dijkstra, 0.427, 1024, 1146, 0.50, 0 1024, 1146, 10, 295, 312
Tree, 0.025, 1024, 2085, 1.00, 0 1024, 2085, 10, 295, 590
SCC, 0.016, 1024, 2085, 1.00, 0 1024, 2085, 10, 295, 590
Toroslu, 0.062, 1024, 2085, 1.00, 0 1024, 2085, 10, 295, 590
Dijkstra, 0.846, 1024, 2085, 1.00, 0 1024, 2085, 10, 295, 590
Tree, 0.025, 1024, 2093, 1.00, 0 1024, 2093, 10, 324, 648
SCC, 0.015, 1024, 2093, 1.00, 0 1024, 2093, 10, 324, 648
Toroslu, 0.054, 1024, 2093, 1.00, 0 1024, 2093, 10, 324, 648
Dijkstra, 0.690, 1024, 2093, 1.00, 0 1024, 2093, 10, 324, 648
Tree, 0.020, 1024, 2080, 1.00, 0 1024, 2080, 10, 263, 526
SCC, 0.012, 1024, 2080, 1.00, 0 1024, 2080, 10, 263, 526
Toroslu, 0.039, 1024, 2080, 1.00, 0 1024, 2080, 10, 263, 526
Dijkstra, 0.506, 1024, 2080, 1.00, 0 1024, 2080, 10, 263, 526
Tree, 0.114, 1024, 18835, 1.50, 0 1024, 18835, 10, 577, 14437
SCC, 0.089, 1024, 18835, 1.50, 0 1024, 18835, 10, 577, 14437
Toroslu, 0.633, 1024, 18835, 1.50, 0 1024, 18835, 10, 577, 14437
Dijkstra, 1.487, 1024, 18835, 1.50, 0 1024, 18835, 10, 577, 14437
Tree, 0.059, 1024, 13473, 1.50, 0 1024, 13473, 10, 292, 5281
SCC, 0.034, 1024, 13473, 1.50, 0 1024, 13473, 10, 292, 5281
Toroslu, 0.142, 1024, 13473, 1.50, 0 1024, 13473, 10, 292, 5281
Dijkstra, 1.131, 1024, 13473, 1.50, 0 1024, 13473, 10, 292, 5281
Tree, 0.056, 1024, 13864, 1.50, 0 1024, 13864, 10, 260, 4452
SCC, 0.034, 1024, 13864, 1.50, 0 1024, 13864, 10, 260, 4452
Toroslu, 0.132, 1024, 13864, 1.50, 0 1024, 13864, 10, 260, 4452
Dijkstra, 1.012, 1024, 13864, 1.50, 0 1024, 13864, 10, 260, 4452
Tree, 0.117, 1024, 172405, 1.90, 0 1024, 172405, 10, 507, 138391
SCC, 0.099, 1024, 172405, 1.90, 0 1024, 172405, 10, 507, 138391
Toroslu, 0.603, 1024, 172405, 1.90, 0 1024, 172405, 10, 507, 138391
Dijkstra, 2.743, 1024, 172405, 1.90, 0 1024, 172405, 10, 507, 138391
Tree, 0.071, 1024, 100918, 1.90, 0 1024, 100918, 10, 272, 42507
SCC, 0.046, 1024, 100918, 1.90, 0 1024, 100918, 10, 272, 42507
Toroslu, 0.172, 1024, 100918, 1.90, 0 1024, 100918, 10, 272, 42507
Dijkstra, 1.609, 1024, 100918, 1.90, 0 1024, 100918, 10, 272, 42507
Tree, 0.110, 1024, 138673, 1.90, 0 1024, 138673, 10, 358, 71541
SCC, 0.072, 1024, 138673, 1.90, 0 1024, 138673, 10, 358, 71541
Toroslu, 0.357, 1024, 138673, 1.90, 0 1024, 138673, 10, 358, 71541
Dijkstra, 2.041, 1024, 138673, 1.90, 0 1024, 138673, 10, 358, 71541
Tree, 0.061, 2048, 2108, 0.10, 0 2048, 2108, 11, 790, 791
SCC, 0.069, 2048, 2108, 0.10, 0 2048, 2108, 11, 790, 791
Toroslu, 0.088, 2048, 2108, 0.10, 0 2048, 2108, 11, 790, 791
Dijkstra, 1.386, 2048, 2108, 0.10, 0 2048, 2108, 11, 790, 791
Tree, 0.057, 2048, 2118, 0.10, 0 2048, 2118, 11, 379, 380
SCC, 0.059, 2048, 2118, 0.10, 0 2048, 2118, 11, 379, 380
Toroslu, 0.076, 2048, 2118, 0.10, 0 2048, 2118, 11, 379, 380
Dijkstra, 1.486, 2048, 2118, 0.10, 0 2048, 2118, 11, 379, 380
Tree, 0.057, 2048, 2097, 0.10, 0 2048, 2097, 11, 557, 558
SCC, 0.057, 2048, 2097, 0.10, 0 2048, 2097, 11, 557, 558
Toroslu, 0.075, 2048, 2097, 0.10, 0 2048, 2097, 11, 557, 558
Dijkstra, 1.195, 2048, 2097, 0.10, 0 2048, 2097, 11, 557, 558
Tree, 0.060, 2048, 2219, 0.50, 0 2048, 2219, 11, 484, 506
SCC, 0.054, 2048, 2219, 0.50, 0 2048, 2219, 11, 484, 506
Toroslu, 0.099, 2048, 2219, 0.50, 0 2048, 2219, 11, 484, 506
Dijkstra, 2.041, 2048, 2219, 0.50, 0 2048, 2219, 11, 484, 506
Tree, 0.061, 2048, 2238, 0.50, 0 2048, 2238, 11, 430, 450
SCC, 0.058, 2048, 2238, 0.50, 0 2048, 2238, 11, 430, 450
Toroslu, 0.086, 2048, 2238, 0.50, 0 2048, 2238, 11, 430, 450
Dijkstra, 1.991, 2048, 2238, 0.50, 0 2048, 2238, 11, 430, 450
Tree, 0.061, 2048, 2219, 0.50, 0 2048, 2219, 11, 663, 688
SCC, 0.048, 2048, 2219, 0.50, 0 2048, 2219, 11, 663, 688
Toroslu, 0.074, 2048, 2219, 0.50, 0 2048, 2219, 11, 663, 688
Dijkstra, 1.486, 2048, 2219, 0.50, 0 2048, 2219, 11, 663, 688
Tree, 0.113, 2048, 4136, 1.00, 0 2048, 4136, 11, 496, 992
SCC, 0.071, 2048, 4136, 1.00, 0 2048, 4136, 11, 496, 992
Toroslu, 0.252, 2048, 4136, 1.00, 0 2048, 4136, 11, 496, 992
Dijkstra, 3.992, 2048, 4136, 1.00, 0 2048, 4136, 11, 496, 992
