Tree, 0.040, 1000, 1995, 1.10, 981, 1995, 631, 1261
Dijkstra, 1.184, 1000, 1995, 1.10, 981, 1995, 631, 1261
Hidden, 3.090, 1000, 1995, 1.10, 981, 1995, 631, 1261
Uniform, 3.618, 1000, 1995, 1.10, 981, 1995, 631, 1261
Tree, 0.090, 1000, 3981, 1.20, 1000, 3981, 975, 3863
Dijkstra, 2.302, 1000, 3981, 1.20, 1000, 3981, 975, 3863
Hidden, 5.299, 1000, 3981, 1.20, 1000, 3981, 975, 3863
Uniform, 6.118, 1000, 3981, 1.20, 1000, 3981, 975, 3863
Tree, 0.044, 1000, 1995, 1.10, 981, 1995, 631, 1261
Dijkstra, 1.173, 1000, 1995, 1.10, 981, 1995, 631, 1261
Hidden, 3.072, 1000, 1995, 1.10, 981, 1995, 631, 1261
Uniform, 3.641, 1000, 1995, 1.10, 981, 1995, 631, 1261
Tree, 0.041, 1000, 1995, 1.10, 981, 1995, 631, 1261
SCC, 0.025, 1000, 1995, 1.10, 981, 1995, 631, 1261
Dijkstra, 1.179, 1000, 1995, 1.10, 981, 1995, 631, 1261
Hidden, 3.110, 1000, 1995, 1.10, 981, 1995, 631, 1261
Uniform, 3.650, 1000, 1995, 1.10, 981, 1995, 631, 1261
Tree, 0.090, 1000, 3981, 1.20, 1000, 3981, 975, 3863
SCC, 0.091, 1000, 3981, 1.20, 1000, 3981, 975, 3863
Dijkstra, 2.310, 1000, 3981, 1.20, 1000, 3981, 975, 3863
Hidden, 5.238, 1000, 3981, 1.20, 1000, 3981, 975, 3863
Uniform, 6.209, 1000, 3981, 1.20, 1000, 3981, 975, 3863
Tree, 0.040, 1024, 2048, 1.10, 1001, 2047, 631, 1239
SCC, 0.025, 1024, 2048, 1.10, 1001, 2047, 631, 1239
Dijkstra, 1.235, 1024, 2048, 1.10, 1001, 2047, 631, 1239
Hidden, 3.140, 1024, 2048, 1.10, 1001, 2047, 631, 1239
Uniform, 3.684, 1024, 2048, 1.10, 1001, 2047, 631, 1239
Tree, 0.096, 1024, 4096, 1.20, 1024, 4096, 972, 3882
SCC, 0.094, 1024, 4096, 1.20, 1024, 4096, 972, 3882
Dijkstra, 2.361, 1024, 4096, 1.20, 1024, 4096, 972, 3882
Hidden, 5.351, 1024, 4096, 1.20, 1024, 4096, 972, 3882
Uniform, 6.240, 1024, 4096, 1.20, 1024, 4096, 972, 3882
Tree, 0.187, 2056, 4409, 1.10, 2028, 4409, 1430, 3062
SCC, 0.139, 2056, 4409, 1.10, 2028, 4409, 1430, 3062
Dijkstra, 6.691, 2056, 4409, 1.10, 2028, 4409, 1430, 3062
Hidden, 16.705, 2056, 4409, 1.10, 2028, 4409, 1430, 3062
Uniform, 19.850, 2056, 4409, 1.10, 2028, 4409, 1430, 3062
Tree, 0.580, 2056, 9454, 1.20, 2056, 9454, 2008, 9256
SCC, 0.532, 2056, 9454, 1.20, 2056, 9454, 2008, 9256
Dijkstra, 11.288, 2056, 9454, 1.20, 2056, 9454, 2008, 9256
Hidden, 27.239, 2056, 9454, 1.20, 2056, 9454, 2008, 9256
Uniform, 30.867, 2056, 9454, 1.20, 2056, 9454, 2008, 9256
Tree, 0.016, 1024, 32, 0.50, 4, 3, 1, 0
SCC, 0.005, 1024, 32, 0.50, 4, 3, 1, 0
Dijkstra, 0.014, 1024, 32, 0.50, 4, 3, 1, 0
Hidden, 0.010, 1024, 32, 0.50, 4, 3, 1, 0
Uniform, 0.017, 1024, 32, 0.50, 4, 3, 1, 0
Tree, 0.011, 1024, 512, 0.90, 145, 144, 1, 0
SCC, 0.004, 1024, 512, 0.90, 145, 144, 1, 0
Dijkstra, 0.013, 1024, 512, 0.90, 145, 144, 1, 0
Hidden, 0.012, 1024, 512, 0.90, 145, 144, 1, 0
Uniform, 0.019, 1024, 512, 0.90, 145, 144, 1, 0
Tree, 0.012, 1024, 1024, 1.00, 810, 973, 8, 8
SCC, 0.005, 1024, 1024, 1.00, 810, 973, 8, 8
Dijkstra, 0.022, 1024, 1024, 1.00, 810, 973, 8, 8
Hidden, 0.051, 1024, 1024, 1.00, 810, 973, 8, 8
Uniform, 0.070, 1024, 1024, 1.00, 810, 973, 8, 8
Tree, 0.034, 1024, 2048, 1.10, 1004, 2046, 667, 1337
SCC, 0.027, 1024, 2048, 1.10, 1004, 2046, 667, 1337
Dijkstra, 1.322, 1024, 2048, 1.10, 1004, 2046, 667, 1337
Hidden, 3.404, 1024, 2048, 1.10, 1004, 2046, 667, 1337
Uniform, 4.012, 1024, 2048, 1.10, 1004, 2046, 667, 1337
Tree, 0.098, 1024, 4096, 1.20, 1023, 4096, 968, 3870
SCC, 0.097, 1024, 4096, 1.20, 1023, 4096, 968, 3870
Dijkstra, 2.404, 1024, 4096, 1.20, 1023, 4096, 968, 3870
Hidden, 5.443, 1024, 4096, 1.20, 1023, 4096, 968, 3870
Uniform, 6.308, 1024, 4096, 1.20, 1023, 4096, 968, 3870
Tree, 0.049, 2056, 45, 0.50, 3, 2, 1, 0
SCC, 0.017, 2056, 45, 0.50, 3, 2, 1, 0
Dijkstra, 0.050, 2056, 45, 0.50, 3, 2, 1, 0
Hidden, 0.044, 2056, 45, 0.50, 3, 2, 1, 0
Uniform, 0.085, 2056, 45, 0.50, 3, 2, 1, 0
Tree, 0.049, 2056, 959, 0.90, 66, 65, 1, 0
SCC, 0.016, 2056, 959, 0.90, 66, 65, 1, 0
Dijkstra, 0.049, 2056, 959, 0.90, 66, 65, 1, 0
Hidden, 0.045, 2056, 959, 0.90, 66, 65, 1, 0
Uniform, 0.087, 2056, 959, 0.90, 66, 65, 1, 0
Tree, 0.050, 2056, 2056, 1.00, 1643, 1963, 1, 0
SCC, 0.017, 2056, 2056, 1.00, 1643, 1963, 1, 0
Dijkstra, 0.078, 2056, 2056, 1.00, 1643, 1963, 1, 0
Hidden, 0.156, 2056, 2056, 1.00, 1643, 1963, 1, 0
Uniform, 0.228, 2056, 2056, 1.00, 1643, 1963, 1, 0
Tree, 0.178, 2056, 4409, 1.10, 2026, 4408, 1402, 3014
SCC, 0.132, 2056, 4409, 1.10, 2026, 4408, 1402, 3014
Dijkstra, 6.654, 2056, 4409, 1.10, 2026, 4408, 1402, 3014
Hidden, 17.232, 2056, 4409, 1.10, 2026, 4408, 1402, 3014
Uniform, 19.989, 2056, 4409, 1.10, 2026, 4408, 1402, 3014
Tree, 0.016, 1024, 32, 0.50, 4, 3, 1, 0
SCC, 0.004, 1024, 32, 0.50, 4, 3, 1, 0
Toroslu, 0.006, 1024, 32, 0.50, 4, 3, 1, 0
Dijkstra, 0.013, 1024, 32, 0.50, 4, 3, 1, 0
Hidden, 0.010, 1024, 32, 0.50, 4, 3, 1, 0
Uniform, 0.016, 1024, 32, 0.50, 4, 3, 1, 0
Tree, 0.011, 1024, 32, 0.50, 3, 2, 1, 0
SCC, 0.004, 1024, 32, 0.50, 3, 2, 1, 0
Toroslu, 0.005, 1024, 32, 0.50, 3, 2, 1, 0
Dijkstra, 0.012, 1024, 32, 0.50, 3, 2, 1, 0
Hidden, 0.010, 1024, 32, 0.50, 3, 2, 1, 0
Uniform, 0.016, 1024, 32, 0.50, 3, 2, 1, 0
Tree, 0.011, 1024, 32, 0.50, 3, 2, 1, 0
SCC, 0.004, 1024, 32, 0.50, 3, 2, 1, 0
Toroslu, 0.005, 1024, 32, 0.50, 3, 2, 1, 0
Dijkstra, 0.012, 1024, 32, 0.50, 3, 2, 1, 0
Hidden, 0.010, 1024, 32, 0.50, 3, 2, 1, 0
Uniform, 0.016, 1024, 32, 0.50, 3, 2, 1, 0
Tree, 0.011, 1024, 64, 0.60, 4, 3, 1, 0
SCC, 0.004, 1024, 64, 0.60, 4, 3, 1, 0
Toroslu, 0.005, 1024, 64, 0.60, 4, 3, 1, 0
Dijkstra, 0.012, 1024, 64, 0.60, 4, 3, 1, 0
Hidden, 0.010, 1024, 64, 0.60, 4, 3, 1, 0
Uniform, 0.016, 1024, 64, 0.60, 4, 3, 1, 0
Tree, 0.012, 1024, 64, 0.60, 5, 4, 1, 0
SCC, 0.004, 1024, 64, 0.60, 5, 4, 1, 0
Toroslu, 0.005, 1024, 64, 0.60, 5, 4, 1, 0
Dijkstra, 0.012, 1024, 64, 0.60, 5, 4, 1, 0
Hidden, 0.010, 1024, 64, 0.60, 5, 4, 1, 0
Uniform, 0.016, 1024, 64, 0.60, 5, 4, 1, 0
Tree, 0.011, 1024, 64, 0.60, 3, 2, 1, 0
SCC, 0.004, 1024, 64, 0.60, 3, 2, 1, 0
Toroslu, 0.005, 1024, 64, 0.60, 3, 2, 1, 0
Dijkstra, 0.012, 1024, 64, 0.60, 3, 2, 1, 0
Hidden, 0.010, 1024, 64, 0.60, 3, 2, 1, 0
Uniform, 0.017, 1024, 64, 0.60, 3, 2, 1, 0
Tree, 0.011, 1024, 128, 0.70, 5, 4, 1, 0
SCC, 0.004, 1024, 128, 0.70, 5, 4, 1, 0
Toroslu, 0.005, 1024, 128, 0.70, 5, 4, 1, 0
Dijkstra, 0.012, 1024, 128, 0.70, 5, 4, 1, 0
Hidden, 0.010, 1024, 128, 0.70, 5, 4, 1, 0
Uniform, 0.016, 1024, 128, 0.70, 5, 4, 1, 0
Tree, 0.011, 1024, 128, 0.70, 4, 3, 1, 0
SCC, 0.004, 1024, 128, 0.70, 4, 3, 1, 0
Toroslu, 0.005, 1024, 128, 0.70, 4, 3, 1, 0
Dijkstra, 0.012, 1024, 128, 0.70, 4, 3, 1, 0
Hidden, 0.010, 1024, 128, 0.70, 4, 3, 1, 0
Uniform, 0.016, 1024, 128, 0.70, 4, 3, 1, 0
Tree, 0.011, 1024, 128, 0.70, 6, 5, 1, 0
SCC, 0.004, 1024, 128, 0.70, 6, 5, 1, 0
Toroslu, 0.005, 1024, 128, 0.70, 6, 5, 1, 0
Dijkstra, 0.013, 1024, 128, 0.70, 6, 5, 1, 0
Hidden, 0.010, 1024, 128, 0.70, 6, 5, 1, 0
Uniform, 0.016, 1024, 128, 0.70, 6, 5, 1, 0
Tree, 0.011, 1024, 256, 0.80, 13, 12, 1, 0
SCC, 0.004, 1024, 256, 0.80, 13, 12, 1, 0
Toroslu, 0.005, 1024, 256, 0.80, 13, 12, 1, 0
Dijkstra, 0.013, 1024, 256, 0.80, 13, 12, 1, 0
Hidden, 0.010, 1024, 256, 0.80, 13, 12, 1, 0
Uniform, 0.017, 1024, 256, 0.80, 13, 12, 1, 0
Tree, 0.011, 1024, 256, 0.80, 29, 28, 1, 0
SCC, 0.004, 1024, 256, 0.80, 29, 28, 1, 0
Toroslu, 0.005, 1024, 256, 0.80, 29, 28, 1, 0
Dijkstra, 0.013, 1024, 256, 0.80, 29, 28, 1, 0
Hidden, 0.011, 1024, 256, 0.80, 29, 28, 1, 0
Uniform, 0.018, 1024, 256, 0.80, 29, 28, 1, 0
Tree, 0.012, 1024, 256, 0.80, 10, 9, 1, 0
SCC, 0.004, 1024, 256, 0.80, 10, 9, 1, 0
Toroslu, 0.005, 1024, 256, 0.80, 10, 9, 1, 0
Dijkstra, 0.013, 1024, 256, 0.80, 10, 9, 1, 0
Hidden, 0.011, 1024, 256, 0.80, 10, 9, 1, 0
Uniform, 0.017, 1024, 256, 0.80, 10, 9, 1, 0
Tree, 0.011, 1024, 512, 0.90, 108, 108, 1, 0
SCC, 0.004, 1024, 512, 0.90, 108, 108, 1, 0
Toroslu, 0.005, 1024, 512, 0.90, 108, 108, 1, 0
Dijkstra, 0.013, 1024, 512, 0.90, 108, 108, 1, 0
Hidden, 0.012, 1024, 512, 0.90, 108, 108, 1, 0
Uniform, 0.019, 1024, 512, 0.90, 108, 108, 1, 0
Tree, 0.011, 1024, 512, 0.90, 118, 118, 1, 0
SCC, 0.004, 1024, 512, 0.90, 118, 118, 1, 0
Toroslu, 0.005, 1024, 512, 0.90, 118, 118, 1, 0
Dijkstra, 0.013, 1024, 512, 0.90, 118, 118, 1, 0
Hidden, 0.012, 1024, 512, 0.90, 118, 118, 1, 0
Uniform, 0.019, 1024, 512, 0.90, 118, 118, 1, 0
Tree, 0.012, 1024, 512, 0.90, 131, 132, 1, 0
SCC, 0.004, 1024, 512, 0.90, 131, 132, 1, 0
Toroslu, 0.005, 1024, 512, 0.90, 131, 132, 1, 0
Dijkstra, 0.013, 1024, 512, 0.90, 131, 132, 1, 0
Hidden, 0.012, 1024, 512, 0.90, 131, 132, 1, 0
Uniform, 0.019, 1024, 512, 0.90, 131, 132, 1, 0
Tree, 0.012, 1024, 1024, 1.00, 802, 978, 49, 56
SCC, 0.004, 1024, 1024, 1.00, 802, 978, 49, 56
Toroslu, 0.006, 1024, 1024, 1.00, 802, 978, 49, 56
Dijkstra, 0.049, 1024, 1024, 1.00, 802, 978, 49, 56
Hidden, 0.147, 1024, 1024, 1.00, 802, 978, 49, 56
Uniform, 0.195, 1024, 1024, 1.00, 802, 978, 49, 56
Tree, 0.012, 1024, 1024, 1.00, 824, 983, 1, 0
SCC, 0.004, 1024, 1024, 1.00, 824, 983, 1, 0
Toroslu, 0.006, 1024, 1024, 1.00, 824, 983, 1, 0
Dijkstra, 0.022, 1024, 1024, 1.00, 824, 983, 1, 0
Hidden, 0.049, 1024, 1024, 1.00, 824, 983, 1, 0
Uniform, 0.067, 1024, 1024, 1.00, 824, 983, 1, 0
Tree, 0.012, 1024, 1024, 1.00, 827, 975, 2, 2
SCC, 0.004, 1024, 1024, 1.00, 827, 975, 2, 2
Toroslu, 0.006, 1024, 1024, 1.00, 827, 975, 2, 2
Dijkstra, 0.021, 1024, 1024, 1.00, 827, 975, 2, 2
Hidden, 0.045, 1024, 1024, 1.00, 827, 975, 2, 2
Uniform, 0.062, 1024, 1024, 1.00, 827, 975, 2, 2
Tree, 0.036, 1024, 2048, 1.10, 998, 2048, 652, 1315
SCC, 0.026, 1024, 2048, 1.10, 998, 2048, 652, 1315
Toroslu, 0.129, 1024, 2048, 1.10, 998, 2048, 652, 1315
Dijkstra, 1.321, 1024, 2048, 1.10, 998, 2048, 652, 1315
Hidden, 3.336, 1024, 2048, 1.10, 998, 2048, 652, 1315
Uniform, 4.013, 1024, 2048, 1.10, 998, 2048, 652, 1315
Tree, 0.034, 1024, 2048, 1.10, 1002, 2047, 657, 1307
SCC, 0.026, 1024, 2048, 1.10, 1002, 2047, 657, 1307
Toroslu, 0.123, 1024, 2048, 1.10, 1002, 2047, 657, 1307
Dijkstra, 1.285, 1024, 2048, 1.10, 1002, 2047, 657, 1307
Hidden, 3.339, 1024, 2048, 1.10, 1002, 2047, 657, 1307
Uniform, 3.971, 1024, 2048, 1.10, 1002, 2047, 657, 1307
Tree, 0.034, 1024, 2048, 1.10, 1010, 2048, 660, 1314
SCC, 0.027, 1024, 2048, 1.10, 1010, 2048, 660, 1314
Toroslu, 0.130, 1024, 2048, 1.10, 1010, 2048, 660, 1314
Dijkstra, 1.327, 1024, 2048, 1.10, 1010, 2048, 660, 1314
Hidden, 3.360, 1024, 2048, 1.10, 1010, 2048, 660, 1314
Uniform, 3.943, 1024, 2048, 1.10, 1010, 2048, 660, 1314
Tree, 0.103, 1024, 4096, 1.20, 1024, 4096, 985, 3936
SCC, 0.092, 1024, 4096, 1.20, 1024, 4096, 985, 3936
Toroslu, 0.813, 1024, 4096, 1.20, 1024, 4096, 985, 3936
Dijkstra, 2.402, 1024, 4096, 1.20, 1024, 4096, 985, 3936
Hidden, 5.481, 1024, 4096, 1.20, 1024, 4096, 985, 3936
Uniform, 6.363, 1024, 4096, 1.20, 1024, 4096, 985, 3936
Tree, 0.101, 1024, 4096, 1.20, 1024, 4096, 981, 3921
SCC, 0.096, 1024, 4096, 1.20, 1024, 4096, 981, 3921
Toroslu, 0.794, 1024, 4096, 1.20, 1024, 4096, 981, 3921
Dijkstra, 2.391, 1024, 4096, 1.20, 1024, 4096, 981, 3921
Hidden, 5.493, 1024, 4096, 1.20, 1024, 4096, 981, 3921
Uniform, 6.644, 1024, 4096, 1.20, 1024, 4096, 981, 3921
Tree, 0.103, 1024, 4096, 1.20, 1024, 4096, 976, 3874
SCC, 0.097, 1024, 4096, 1.20, 1024, 4096, 976, 3874
Toroslu, 0.791, 1024, 4096, 1.20, 1024, 4096, 976, 3874
Dijkstra, 2.381, 1024, 4096, 1.20, 1024, 4096, 976, 3874
Hidden, 5.453, 1024, 4096, 1.20, 1024, 4096, 976, 3874
Uniform, 6.413, 1024, 4096, 1.20, 1024, 4096, 976, 3874
Tree, 0.049, 2056, 45, 0.50, 3, 2, 1, 0
SCC, 0.015, 2056, 45, 0.50, 3, 2, 1, 0
Toroslu, 0.020, 2056, 45, 0.50, 3, 2, 1, 0
Dijkstra, 0.050, 2056, 45, 0.50, 3, 2, 1, 0
Hidden, 0.043, 2056, 45, 0.50, 3, 2, 1, 0
Uniform, 0.081, 2056, 45, 0.50, 3, 2, 1, 0
Tree, 0.049, 2056, 45, 0.50, 3, 2, 1, 0
SCC, 0.015, 2056, 45, 0.50, 3, 2, 1, 0
Toroslu, 0.020, 2056, 45, 0.50, 3, 2, 1, 0
Dijkstra, 0.049, 2056, 45, 0.50, 3, 2, 1, 0
Hidden, 0.039, 2056, 45, 0.50, 3, 2, 1, 0
Uniform, 0.077, 2056, 45, 0.50, 3, 2, 1, 0
Tree, 0.050, 2056, 45, 0.50, 3, 2, 1, 0
SCC, 0.015, 2056, 45, 0.50, 3, 2, 1, 0
Toroslu, 0.020, 2056, 45, 0.50, 3, 2, 1, 0
Dijkstra, 0.049, 2056, 45, 0.50, 3, 2, 1, 0
Hidden, 0.040, 2056, 45, 0.50, 3, 2, 1, 0
Uniform, 0.078, 2056, 45, 0.50, 3, 2, 1, 0
Tree, 0.049, 2056, 97, 0.60, 4, 3, 1, 0
SCC, 0.016, 2056, 97, 0.60, 4, 3, 1, 0
Toroslu, 0.020, 2056, 97, 0.60, 4, 3, 1, 0
Dijkstra, 0.049, 2056, 97, 0.60, 4, 3, 1, 0
Hidden, 0.041, 2056, 97, 0.60, 4, 3, 1, 0
Uniform, 0.080, 2056, 97, 0.60, 4, 3, 1, 0
Tree, 0.049, 2056, 97, 0.60, 3, 2, 1, 0
SCC, 0.015, 2056, 97, 0.60, 3, 2, 1, 0
Toroslu, 0.020, 2056, 97, 0.60, 3, 2, 1, 0
Dijkstra, 0.049, 2056, 97, 0.60, 3, 2, 1, 0
Hidden, 0.041, 2056, 97, 0.60, 3, 2, 1, 0
Uniform, 0.080, 2056, 97, 0.60, 3, 2, 1, 0
Tree, 0.049, 2056, 97, 0.60, 5, 4, 1, 0
SCC, 0.015, 2056, 97, 0.60, 5, 4, 1, 0
Toroslu, 0.020, 2056, 97, 0.60, 5, 4, 1, 0
Dijkstra, 0.049, 2056, 97, 0.60, 5, 4, 1, 0
Hidden, 0.040, 2056, 97, 0.60, 5, 4, 1, 0
Uniform, 0.078, 2056, 97, 0.60, 5, 4, 1, 0
Tree, 0.049, 2056, 209, 0.70, 6, 5, 1, 0
SCC, 0.016, 2056, 209, 0.70, 6, 5, 1, 0
Toroslu, 0.020, 2056, 209, 0.70, 6, 5, 1, 0
Dijkstra, 0.049, 2056, 209, 0.70, 6, 5, 1, 0
Hidden, 0.040, 2056, 209, 0.70, 6, 5, 1, 0
Uniform, 0.080, 2056, 209, 0.70, 6, 5, 1, 0
Tree, 0.049, 2056, 209, 0.70, 5, 4, 1, 0
SCC, 0.015, 2056, 209, 0.70, 5, 4, 1, 0
Toroslu, 0.020, 2056, 209, 0.70, 5, 4, 1, 0
Dijkstra, 0.049, 2056, 209, 0.70, 5, 4, 1, 0
Hidden, 0.039, 2056, 209, 0.70, 5, 4, 1, 0
Uniform, 0.078, 2056, 209, 0.70, 5, 4, 1, 0
Tree, 0.049, 2056, 209, 0.70, 4, 3, 1, 0
SCC, 0.015, 2056, 209, 0.70, 4, 3, 1, 0
Toroslu, 0.020, 2056, 209, 0.70, 4, 3, 1, 0
Dijkstra, 0.049, 2056, 209, 0.70, 4, 3, 1, 0
Hidden, 0.039, 2056, 209, 0.70, 4, 3, 1, 0
Uniform, 0.072, 2056, 209, 0.70, 4, 3, 1, 0
Tree, 0.049, 2056, 447, 0.80, 8, 7, 1, 0
SCC, 0.015, 2056, 447, 0.80, 8, 7, 1, 0
Toroslu, 0.020, 2056, 447, 0.80, 8, 7, 1, 0
Dijkstra, 0.049, 2056, 447, 0.80, 8, 7, 1, 0
Hidden, 0.041, 2056, 447, 0.80, 8, 7, 1, 0
Uniform, 0.072, 2056, 447, 0.80, 8, 7, 1, 0
Tree, 0.049, 2056, 447, 0.80, 11, 10, 1, 0
SCC, 0.015, 2056, 447, 0.80, 11, 10, 1, 0
Toroslu, 0.020, 2056, 447, 0.80, 11, 10, 1, 0
Dijkstra, 0.049, 2056, 447, 0.80, 11, 10, 1, 0
Hidden, 0.040, 2056, 447, 0.80, 11, 10, 1, 0
Uniform, 0.075, 2056, 447, 0.80, 11, 10, 1, 0
Tree, 0.049, 2056, 447, 0.80, 10, 9, 1, 0
SCC, 0.015, 2056, 447, 0.80, 10, 9, 1, 0
Toroslu, 0.020, 2056, 447, 0.80, 10, 9, 1, 0
Dijkstra, 0.049, 2056, 447, 0.80, 10, 9, 1, 0
Hidden, 0.041, 2056, 447, 0.80, 10, 9, 1, 0
Uniform, 0.073, 2056, 447, 0.80, 10, 9, 1, 0
Tree, 0.049, 2056, 959, 0.90, 54, 53, 1, 0
SCC, 0.016, 2056, 959, 0.90, 54, 53, 1, 0
Toroslu, 0.021, 2056, 959, 0.90, 54, 53, 1, 0
Dijkstra, 0.050, 2056, 959, 0.90, 54, 53, 1, 0
Hidden, 0.043, 2056, 959, 0.90, 54, 53, 1, 0
Uniform, 0.082, 2056, 959, 0.90, 54, 53, 1, 0
Tree, 0.049, 2056, 959, 0.90, 107, 106, 1, 0
SCC, 0.016, 2056, 959, 0.90, 107, 106, 1, 0
Toroslu, 0.021, 2056, 959, 0.90, 107, 106, 1, 0
Dijkstra, 0.049, 2056, 959, 0.90, 107, 106, 1, 0
Hidden, 0.043, 2056, 959, 0.90, 107, 106, 1, 0
Uniform, 0.078, 2056, 959, 0.90, 107, 106, 1, 0
Tree, 0.049, 2056, 959, 0.90, 48, 47, 1, 0
SCC, 0.016, 2056, 959, 0.90, 48, 47, 1, 0
Toroslu, 0.021, 2056, 959, 0.90, 48, 47, 1, 0
Dijkstra, 0.049, 2056, 959, 0.90, 48, 47, 1, 0
Hidden, 0.044, 2056, 959, 0.90, 48, 47, 1, 0
Uniform, 0.078, 2056, 959, 0.90, 48, 47, 1, 0
Tree, 0.050, 2056, 2056, 1.00, 1655, 1983, 4, 4
SCC, 0.018, 2056, 2056, 1.00, 1655, 1983, 4, 4
Toroslu, 0.022, 2056, 2056, 1.00, 1655, 1983, 4, 4
Dijkstra, 0.064, 2056, 2056, 1.00, 1655, 1983, 4, 4
Hidden, 0.115, 2056, 2056, 1.00, 1655, 1983, 4, 4
Uniform, 0.169, 2056, 2056, 1.00, 1655, 1983, 4, 4
Tree, 0.050, 2056, 2056, 1.00, 1641, 1969, 12, 12
SCC, 0.018, 2056, 2056, 1.00, 1641, 1969, 12, 12
Toroslu, 0.023, 2056, 2056, 1.00, 1641, 1969, 12, 12
Dijkstra, 0.098, 2056, 2056, 1.00, 1641, 1969, 12, 12
Hidden, 0.231, 2056, 2056, 1.00, 1641, 1969, 12, 12
Uniform, 0.311, 2056, 2056, 1.00, 1641, 1969, 12, 12
Tree, 0.049, 2056, 2056, 1.00, 1638, 1978, 3, 3
SCC, 0.017, 2056, 2056, 1.00, 1638, 1978, 3, 3
Toroslu, 0.023, 2056, 2056, 1.00, 1638, 1978, 3, 3
Dijkstra, 0.066, 2056, 2056, 1.00, 1638, 1978, 3, 3
Hidden, 0.124, 2056, 2056, 1.00, 1638, 1978, 3, 3
Uniform, 0.178, 2056, 2056, 1.00, 1638, 1978, 3, 3
Tree, 0.172, 2056, 4409, 1.10, 2028, 4409, 1444, 3109
SCC, 0.137, 2056, 4409, 1.10, 2028, 4409, 1444, 3109
Toroslu, 1.263, 2056, 4409, 1.10, 2028, 4409, 1444, 3109
Dijkstra, 6.772, 2056, 4409, 1.10, 2028, 4409, 1444, 3109
Hidden, 16.940, 2056, 4409, 1.10, 2028, 4409, 1444, 3109
Uniform, 20.076, 2056, 4409, 1.10, 2028, 4409, 1444, 3109
Tree, 0.188, 2056, 4409, 1.10, 2033, 4409, 1483, 3245
SCC, 0.148, 2056, 4409, 1.10, 2033, 4409, 1483, 3245
Toroslu, 1.395, 2056, 4409, 1.10, 2033, 4409, 1483, 3245
Dijkstra, 7.036, 2056, 4409, 1.10, 2033, 4409, 1483, 3245
Hidden, 17.463, 2056, 4409, 1.10, 2033, 4409, 1483, 3245
Uniform, 20.784, 2056, 4409, 1.10, 2033, 4409, 1483, 3245
Tree, 0.181, 2056, 4409, 1.10, 2034, 4407, 1374, 2930
SCC, 0.132, 2056, 4409, 1.10, 2034, 4407, 1374, 2930
Toroslu, 1.142, 2056, 4409, 1.10, 2034, 4407, 1374, 2930
Dijkstra, 6.470, 2056, 4409, 1.10, 2034, 4407, 1374, 2930
Hidden, 16.130, 2056, 4409, 1.10, 2034, 4407, 1374, 2930
Uniform, 19.242, 2056, 4409, 1.10, 2034, 4407, 1374, 2930
Tree, 0.551, 2056, 9454, 1.20, 2056, 9454, 2019, 9296
SCC, 0.527, 2056, 9454, 1.20, 2056, 9454, 2019, 9296
Toroslu, 7.914, 2056, 9454, 1.20, 2056, 9454, 2019, 9296
Dijkstra, 11.324, 2056, 9454, 1.20, 2056, 9454, 2019, 9296
Hidden, 27.242, 2056, 9454, 1.20, 2056, 9454, 2019, 9296
Uniform, 30.890, 2056, 9454, 1.20, 2056, 9454, 2019, 9296
Tree, 0.552, 2056, 9454, 1.20, 2056, 9454, 2023, 9293
SCC, 0.533, 2056, 9454, 1.20, 2056, 9454, 2023, 9293
Toroslu, 8.194, 2056, 9454, 1.20, 2056, 9454, 2023, 9293
Dijkstra, 11.328, 2056, 9454, 1.20, 2056, 9454, 2023, 9293
Hidden, 27.282, 2056, 9454, 1.20, 2056, 9454, 2023, 9293
Uniform, 31.147, 2056, 9454, 1.20, 2056, 9454, 2023, 9293
Tree, 0.548, 2056, 9454, 1.20, 2056, 9454, 2015, 9276
SCC, 0.539, 2056, 9454, 1.20, 2056, 9454, 2015, 9276
Toroslu, 7.920, 2056, 9454, 1.20, 2056, 9454, 2015, 9276
Dijkstra, 11.324, 2056, 9454, 1.20, 2056, 9454, 2015, 9276
Hidden, 27.171, 2056, 9454, 1.20, 2056, 9454, 2015, 9276
Uniform, 30.904, 2056, 9454, 1.20, 2056, 9454, 2015, 9276
Tree, 0.053, 2048, 45, 0.50, 2, 1, 1, 0
SCC, 0.015, 2048, 45, 0.50, 2, 1, 1, 0
Toroslu, 0.019, 2048, 45, 0.50, 2, 1, 1, 0
Dijkstra, 0.049, 2048, 45, 0.50, 2, 1, 1, 0
Hidden, 0.039, 2048, 45, 0.50, 2, 1, 1, 0
Uniform, 0.069, 2048, 45, 0.50, 2, 1, 1, 0
Tree, 0.055, 2048, 45, 0.50, 3, 2, 1, 0
SCC, 0.015, 2048, 45, 0.50, 3, 2, 1, 0
Toroslu, 0.019, 2048, 45, 0.50, 3, 2, 1, 0
Dijkstra, 0.051, 2048, 45, 0.50, 3, 2, 1, 0
Hidden, 0.040, 2048, 45, 0.50, 3, 2, 1, 0
Uniform, 0.068, 2048, 45, 0.50, 3, 2, 1, 0
Tree, 0.050, 2048, 45, 0.50, 3, 2, 1, 0
SCC, 0.015, 2048, 45, 0.50, 3, 2, 1, 0
Toroslu, 0.020, 2048, 45, 0.50, 3, 2, 1, 0
Dijkstra, 0.049, 2048, 45, 0.50, 3, 2, 1, 0
Hidden, 0.040, 2048, 45, 0.50, 3, 2, 1, 0
Uniform, 0.066, 2048, 45, 0.50, 3, 2, 1, 0
Tree, 0.048, 2048, 97, 0.60, 5, 4, 1, 0
SCC, 0.015, 2048, 97, 0.60, 5, 4, 1, 0
Toroslu, 0.019, 2048, 97, 0.60, 5, 4, 1, 0
Dijkstra, 0.050, 2048, 97, 0.60, 5, 4, 1, 0
Hidden, 0.041, 2048, 97, 0.60, 5, 4, 1, 0
Uniform, 0.065, 2048, 97, 0.60, 5, 4, 1, 0
Tree, 0.049, 2048, 97, 0.60, 4, 3, 1, 0
SCC, 0.015, 2048, 97, 0.60, 4, 3, 1, 0
Toroslu, 0.019, 2048, 97, 0.60, 4, 3, 1, 0
Dijkstra, 0.049, 2048, 97, 0.60, 4, 3, 1, 0
Hidden, 0.040, 2048, 97, 0.60, 4, 3, 1, 0
Uniform, 0.067, 2048, 97, 0.60, 4, 3, 1, 0
Tree, 0.050, 2048, 97, 0.60, 4, 3, 1, 0
SCC, 0.015, 2048, 97, 0.60, 4, 3, 1, 0
Toroslu, 0.020, 2048, 97, 0.60, 4, 3, 1, 0
Dijkstra, 0.049, 2048, 97, 0.60, 4, 3, 1, 0
Hidden, 0.040, 2048, 97, 0.60, 4, 3, 1, 0
Uniform, 0.066, 2048, 97, 0.60, 4, 3, 1, 0
Tree, 0.050, 2048, 208, 0.70, 5, 4, 1, 0
SCC, 0.015, 2048, 208, 0.70, 5, 4, 1, 0
Toroslu, 0.020, 2048, 208, 0.70, 5, 4, 1, 0
Dijkstra, 0.051, 2048, 208, 0.70, 5, 4, 1, 0
Hidden, 0.041, 2048, 208, 0.70, 5, 4, 1, 0
Uniform, 0.067, 2048, 208, 0.70, 5, 4, 1, 0
Tree, 0.051, 2048, 208, 0.70, 4, 3, 1, 0
SCC, 0.015, 2048, 208, 0.70, 4, 3, 1, 0
Toroslu, 0.020, 2048, 208, 0.70, 4, 3, 1, 0
Dijkstra, 0.049, 2048, 208, 0.70, 4, 3, 1, 0
Hidden, 0.041, 2048, 208, 0.70, 4, 3, 1, 0
Uniform, 0.066, 2048, 208, 0.70, 4, 3, 1, 0
Tree, 0.049, 2048, 208, 0.70, 6, 5, 1, 0
SCC, 0.015, 2048, 208, 0.70, 6, 5, 1, 0
Toroslu, 0.020, 2048, 208, 0.70, 6, 5, 1, 0
Dijkstra, 0.049, 2048, 208, 0.70, 6, 5, 1, 0
Hidden, 0.040, 2048, 208, 0.70, 6, 5, 1, 0
Uniform, 0.067, 2048, 208, 0.70, 6, 5, 1, 0
Tree, 0.052, 2048, 446, 0.80, 9, 8, 1, 0
SCC, 0.015, 2048, 446, 0.80, 9, 8, 1, 0
Toroslu, 0.020, 2048, 446, 0.80, 9, 8, 1, 0
Dijkstra, 0.050, 2048, 446, 0.80, 9, 8, 1, 0
Hidden, 0.047, 2048, 446, 0.80, 9, 8, 1, 0
Uniform, 0.072, 2048, 446, 0.80, 9, 8, 1, 0
Tree, 0.049, 2048, 446, 0.80, 8, 7, 1, 0
SCC, 0.016, 2048, 446, 0.80, 8, 7, 1, 0
Toroslu, 0.021, 2048, 446, 0.80, 8, 7, 1, 0
Dijkstra, 0.049, 2048, 446, 0.80, 8, 7, 1, 0
Hidden, 0.042, 2048, 446, 0.80, 8, 7, 1, 0
Uniform, 0.068, 2048, 446, 0.80, 8, 7, 1, 0
Tree, 0.048, 2048, 446, 0.80, 10, 9, 1, 0
SCC, 0.016, 2048, 446, 0.80, 10, 9, 1, 0
Toroslu, 0.021, 2048, 446, 0.80, 10, 9, 1, 0
Dijkstra, 0.050, 2048, 446, 0.80, 10, 9, 1, 0
Hidden, 0.041, 2048, 446, 0.80, 10, 9, 1, 0
Uniform, 0.067, 2048, 446, 0.80, 10, 9, 1, 0
Tree, 0.050, 2048, 955, 0.90, 90, 89, 1, 0
SCC, 0.017, 2048, 955, 0.90, 90, 89, 1, 0
Toroslu, 0.022, 2048, 955, 0.90, 90, 89, 1, 0
Dijkstra, 0.050, 2048, 955, 0.90, 90, 89, 1, 0
Hidden, 0.044, 2048, 955, 0.90, 90, 89, 1, 0
Uniform, 0.073, 2048, 955, 0.90, 90, 89, 1, 0
Tree, 0.050, 2048, 955, 0.90, 44, 43, 1, 0
SCC, 0.016, 2048, 955, 0.90, 44, 43, 1, 0
Toroslu, 0.022, 2048, 955, 0.90, 44, 43, 1, 0
Dijkstra, 0.050, 2048, 955, 0.90, 44, 43, 1, 0
Hidden, 0.044, 2048, 955, 0.90, 44, 43, 1, 0
Uniform, 0.071, 2048, 955, 0.90, 44, 43, 1, 0
Tree, 0.055, 2048, 955, 0.90, 49, 48, 1, 0
SCC, 0.016, 2048, 955, 0.90, 49, 48, 1, 0
Toroslu, 0.021, 2048, 955, 0.90, 49, 48, 1, 0
Dijkstra, 0.049, 2048, 955, 0.90, 49, 48, 1, 0
Hidden, 0.043, 2048, 955, 0.90, 49, 48, 1, 0
Uniform, 0.070, 2048, 955, 0.90, 49, 48, 1, 0
Tree, 0.056, 2048, 2048, 1.00, 1635, 1955, 3, 3
SCC, 0.018, 2048, 2048, 1.00, 1635, 1955, 3, 3
Toroslu, 0.023, 2048, 2048, 1.00, 1635, 1955, 3, 3
Dijkstra, 0.067, 2048, 2048, 1.00, 1635, 1955, 3, 3
Hidden, 0.134, 2048, 2048, 1.00, 1635, 1955, 3, 3
Uniform, 0.193, 2048, 2048, 1.00, 1635, 1955, 3, 3
Tree, 0.051, 2048, 2048, 1.00, 1668, 1985, 13, 13
SCC, 0.017, 2048, 2048, 1.00, 1668, 1985, 13, 13
Toroslu, 0.024, 2048, 2048, 1.00, 1668, 1985, 13, 13
Dijkstra, 0.079, 2048, 2048, 1.00, 1668, 1985, 13, 13
Hidden, 0.157, 2048, 2048, 1.00, 1668, 1985, 13, 13
Uniform, 0.218, 2048, 2048, 1.00, 1668, 1985, 13, 13
Tree, 0.049, 2048, 2048, 1.00, 1617, 1960, 27, 27
SCC, 0.017, 2048, 2048, 1.00, 1617, 1960, 27, 27
Toroslu, 0.022, 2048, 2048, 1.00, 1617, 1960, 27, 27
Dijkstra, 0.077, 2048, 2048, 1.00, 1617, 1960, 27, 27
Hidden, 0.168, 2048, 2048, 1.00, 1617, 1960, 27, 27
Uniform, 0.228, 2048, 2048, 1.00, 1617, 1960, 27, 27
Tree, 0.189, 2048, 4390, 1.10, 2013, 4390, 1410, 3008
SCC, 0.133, 2048, 4390, 1.10, 2013, 4390, 1410, 3008
Toroslu, 1.303, 2048, 4390, 1.10, 2013, 4390, 1410, 3008
Dijkstra, 6.558, 2048, 4390, 1.10, 2013, 4390, 1410, 3008
Hidden, 16.615, 2048, 4390, 1.10, 2013, 4390, 1410, 3008
Uniform, 19.381, 2048, 4390, 1.10, 2013, 4390, 1410, 3008
Tree, 0.176, 2048, 4390, 1.10, 2019, 4389, 1462, 3175
SCC, 0.145, 2048, 4390, 1.10, 2019, 4389, 1462, 3175
Toroslu, 1.241, 2048, 4390, 1.10, 2019, 4389, 1462, 3175
Dijkstra, 6.788, 2048, 4390, 1.10, 2019, 4389, 1462, 3175
Hidden, 17.027, 2048, 4390, 1.10, 2019, 4389, 1462, 3175
Uniform, 20.263, 2048, 4390, 1.10, 2019, 4389, 1462, 3175
Tree, 0.177, 2048, 4390, 1.10, 2019, 4389, 1436, 3105
SCC, 0.135, 2048, 4390, 1.10, 2019, 4389, 1436, 3105
Toroslu, 1.208, 2048, 4390, 1.10, 2019, 4389, 1436, 3105
Dijkstra, 6.628, 2048, 4390, 1.10, 2019, 4389, 1436, 3105
Hidden, 16.577, 2048, 4390, 1.10, 2019, 4389, 1436, 3105
Uniform, 19.698, 2048, 4390, 1.10, 2019, 4389, 1436, 3105
Tree, 0.551, 2048, 9410, 1.20, 2048, 9410, 2000, 9184
SCC, 0.567, 2048, 9410, 1.20, 2048, 9410, 2000, 9184
Toroslu, 7.995, 2048, 9410, 1.20, 2048, 9410, 2000, 9184
Dijkstra, 11.197, 2048, 9410, 1.20, 2048, 9410, 2000, 9184
Hidden, 26.977, 2048, 9410, 1.20, 2048, 9410, 2000, 9184
Uniform, 30.512, 2048, 9410, 1.20, 2048, 9410, 2000, 9184
Tree, 0.549, 2048, 9410, 1.20, 2047, 9410, 2020, 9285
SCC, 0.546, 2048, 9410, 1.20, 2047, 9410, 2020, 9285
Toroslu, 8.086, 2048, 9410, 1.20, 2047, 9410, 2020, 9285
Dijkstra, 11.259, 2048, 9410, 1.20, 2047, 9410, 2020, 9285
Hidden, 27.142, 2048, 9410, 1.20, 2047, 9410, 2020, 9285
Uniform, 30.785, 2048, 9410, 1.20, 2047, 9410, 2020, 9285
Tree, 0.562, 2048, 9410, 1.20, 2048, 9410, 2004, 9233
SCC, 0.525, 2048, 9410, 1.20, 2048, 9410, 2004, 9233
Toroslu, 7.775, 2048, 9410, 1.20, 2048, 9410, 2004, 9233
Dijkstra, 11.214, 2048, 9410, 1.20, 2048, 9410, 2004, 9233
Hidden, 26.928, 2048, 9410, 1.20, 2048, 9410, 2004, 9233
Uniform, 30.603, 2048, 9410, 1.20, 2048, 9410, 2004, 9233
Tree, 0.959, 2048, 20171, 1.30, 2048, 20171, 2048, 20171
SCC, 1.024, 2048, 20171, 1.30, 2048, 20171, 2048, 20171
Toroslu, 16.791, 2048, 20171, 1.30, 2048, 20171, 2048, 20171
Dijkstra, 12.704, 2048, 20171, 1.30, 2048, 20171, 2048, 20171
Hidden, 28.986, 2048, 20171, 1.30, 2048, 20171, 2048, 20171
Uniform, 32.139, 2048, 20171, 1.30, 2048, 20171, 2048, 20171
Tree, 0.953, 2048, 20171, 1.30, 2048, 20171, 2048, 20171
SCC, 1.001, 2048, 20171, 1.30, 2048, 20171, 2048, 20171
Toroslu, 16.921, 2048, 20171, 1.30, 2048, 20171, 2048, 20171
Dijkstra, 12.753, 2048, 20171, 1.30, 2048, 20171, 2048, 20171
Hidden, 28.755, 2048, 20171, 1.30, 2048, 20171, 2048, 20171
Uniform, 31.977, 2048, 20171, 1.30, 2048, 20171, 2048, 20171
Tree, 0.964, 2048, 20171, 1.30, 2048, 20171, 2048, 20171
SCC, 1.012, 2048, 20171, 1.30, 2048, 20171, 2048, 20171
Toroslu, 16.992, 2048, 20171, 1.30, 2048, 20171, 2048, 20171
Dijkstra, 12.737, 2048, 20171, 1.30, 2048, 20171, 2048, 20171
Hidden, 28.762, 2048, 20171, 1.30, 2048, 20171, 2048, 20171
Uniform, 31.963, 2048, 20171, 1.30, 2048, 20171, 2048, 20171
Tree, 0.281, 4096, 64, 0.50, 3, 2, 1, 0
SCC, 0.067, 4096, 64, 0.50, 3, 2, 1, 0
Toroslu, 0.075, 4096, 64, 0.50, 3, 2, 1, 0
Dijkstra, 0.194, 4096, 64, 0.50, 3, 2, 1, 0
Hidden, 0.164, 4096, 64, 0.50, 3, 2, 1, 0
Uniform, 0.287, 4096, 64, 0.50, 3, 2, 1, 0
Tree, 0.286, 4096, 64, 0.50, 3, 2, 1, 0
SCC, 0.061, 4096, 64, 0.50, 3, 2, 1, 0
Toroslu, 0.073, 4096, 64, 0.50, 3, 2, 1, 0
Dijkstra, 0.193, 4096, 64, 0.50, 3, 2, 1, 0
Hidden, 0.155, 4096, 64, 0.50, 3, 2, 1, 0
Uniform, 0.295, 4096, 64, 0.50, 3, 2, 1, 0
Tree, 0.277, 4096, 64, 0.50, 3, 2, 1, 0
SCC, 0.059, 4096, 64, 0.50, 3, 2, 1, 0
Toroslu, 0.073, 4096, 64, 0.50, 3, 2, 1, 0
Dijkstra, 0.193, 4096, 64, 0.50, 3, 2, 1, 0
Hidden, 0.159, 4096, 64, 0.50, 3, 2, 1, 0
Uniform, 0.294, 4096, 64, 0.50, 3, 2, 1, 0
Tree, 0.283, 4096, 147, 0.60, 4, 3, 1, 0
SCC, 0.061, 4096, 147, 0.60, 4, 3, 1, 0
Toroslu, 0.074, 4096, 147, 0.60, 4, 3, 1, 0
Dijkstra, 0.194, 4096, 147, 0.60, 4, 3, 1, 0
Hidden, 0.155, 4096, 147, 0.60, 4, 3, 1, 0
Uniform, 0.291, 4096, 147, 0.60, 4, 3, 1, 0
Tree, 0.280, 4096, 147, 0.60, 4, 3, 1, 0
SCC, 0.060, 4096, 147, 0.60, 4, 3, 1, 0
Toroslu, 0.074, 4096, 147, 0.60, 4, 3, 1, 0
Dijkstra, 0.192, 4096, 147, 0.60, 4, 3, 1, 0
Hidden, 0.155, 4096, 147, 0.60, 4, 3, 1, 0
Uniform, 0.281, 4096, 147, 0.60, 4, 3, 1, 0
Tree, 0.261, 4096, 147, 0.60, 4, 3, 1, 0
SCC, 0.060, 4096, 147, 0.60, 4, 3, 1, 0
Toroslu, 0.074, 4096, 147, 0.60, 4, 3, 1, 0
Dijkstra, 0.193, 4096, 147, 0.60, 4, 3, 1, 0
Hidden, 0.159, 4096, 147, 0.60, 4, 3, 1, 0
Uniform, 0.280, 4096, 147, 0.60, 4, 3, 1, 0
Tree, 0.266, 4096, 338, 0.70, 7, 6, 1, 0
SCC, 0.060, 4096, 338, 0.70, 7, 6, 1, 0
Toroslu, 0.074, 4096, 338, 0.70, 7, 6, 1, 0
Dijkstra, 0.192, 4096, 338, 0.70, 7, 6, 1, 0
Hidden, 0.155, 4096, 338, 0.70, 7, 6, 1, 0
Uniform, 0.282, 4096, 338, 0.70, 7, 6, 1, 0
Tree, 0.263, 4096, 338, 0.70, 6, 5, 1, 0
SCC, 0.059, 4096, 338, 0.70, 6, 5, 1, 0
Toroslu, 0.075, 4096, 338, 0.70, 6, 5, 1, 0
Dijkstra, 0.193, 4096, 338, 0.70, 6, 5, 1, 0
Hidden, 0.155, 4096, 338, 0.70, 6, 5, 1, 0
Uniform, 0.282, 4096, 338, 0.70, 6, 5, 1, 0
Tree, 0.256, 4096, 338, 0.70, 6, 5, 1, 0
SCC, 0.059, 4096, 338, 0.70, 6, 5, 1, 0
Toroslu, 0.075, 4096, 338, 0.70, 6, 5, 1, 0
Dijkstra, 0.193, 4096, 338, 0.70, 6, 5, 1, 0
Hidden, 0.156, 4096, 338, 0.70, 6, 5, 1, 0
Uniform, 0.287, 4096, 338, 0.70, 6, 5, 1, 0
Tree, 0.260, 4096, 776, 0.80, 13, 12, 1, 0
SCC, 0.061, 4096, 776, 0.80, 13, 12, 1, 0
Toroslu, 0.076, 4096, 776, 0.80, 13, 12, 1, 0
Dijkstra, 0.192, 4096, 776, 0.80, 13, 12, 1, 0
Hidden, 0.156, 4096, 776, 0.80, 13, 12, 1, 0
Uniform, 0.284, 4096, 776, 0.80, 13, 12, 1, 0
Tree, 0.249, 4096, 776, 0.80, 13, 12, 1, 0
SCC, 0.061, 4096, 776, 0.80, 13, 12, 1, 0
Toroslu, 0.078, 4096, 776, 0.80, 13, 12, 1, 0
Dijkstra, 0.192, 4096, 776, 0.80, 13, 12, 1, 0
Hidden, 0.156, 4096, 776, 0.80, 13, 12, 1, 0
Uniform, 0.286, 4096, 776, 0.80, 13, 12, 1, 0
Tree, 0.267, 4096, 776, 0.80, 9, 8, 1, 0
SCC, 0.060, 4096, 776, 0.80, 9, 8, 1, 0
Toroslu, 0.077, 4096, 776, 0.80, 9, 8, 1, 0
Dijkstra, 0.192, 4096, 776, 0.80, 9, 8, 1, 0
Hidden, 0.156, 4096, 776, 0.80, 9, 8, 1, 0
Uniform, 0.284, 4096, 776, 0.80, 9, 8, 1, 0
Tree, 0.267, 4096, 1783, 0.90, 57, 56, 1, 0
SCC, 0.061, 4096, 1783, 0.90, 57, 56, 1, 0
Toroslu, 0.081, 4096, 1783, 0.90, 57, 56, 1, 0
Dijkstra, 0.194, 4096, 1783, 0.90, 57, 56, 1, 0
Hidden, 0.162, 4096, 1783, 0.90, 57, 56, 1, 0
Uniform, 0.304, 4096, 1783, 0.90, 57, 56, 1, 0
Tree, 0.261, 4096, 1783, 0.90, 124, 123, 1, 0
SCC, 0.062, 4096, 1783, 0.90, 124, 123, 1, 0
Toroslu, 0.082, 4096, 1783, 0.90, 124, 123, 1, 0
Dijkstra, 0.193, 4096, 1783, 0.90, 124, 123, 1, 0
Hidden, 0.165, 4096, 1783, 0.90, 124, 123, 1, 0
Uniform, 0.305, 4096, 1783, 0.90, 124, 123, 1, 0
Tree, 0.256, 4096, 1783, 0.90, 72, 71, 1, 0
SCC, 0.063, 4096, 1783, 0.90, 72, 71, 1, 0
Toroslu, 0.081, 4096, 1783, 0.90, 72, 71, 1, 0
Dijkstra, 0.193, 4096, 1783, 0.90, 72, 71, 1, 0
Hidden, 0.162, 4096, 1783, 0.90, 72, 71, 1, 0
Uniform, 0.290, 4096, 1783, 0.90, 72, 71, 1, 0
Tree, 0.261, 4096, 4096, 1.00, 3258, 3903, 13, 13
SCC, 0.068, 4096, 4096, 1.00, 3258, 3903, 13, 13
Toroslu, 0.093, 4096, 4096, 1.00, 3258, 3903, 13, 13
Dijkstra, 0.275, 4096, 4096, 1.00, 3258, 3903, 13, 13
Hidden, 0.483, 4096, 4096, 1.00, 3258, 3903, 13, 13
Uniform, 0.731, 4096, 4096, 1.00, 3258, 3903, 13, 13
Tree, 0.263, 4096, 4096, 1.00, 3236, 3917, 27, 28
SCC, 0.068, 4096, 4096, 1.00, 3236, 3917, 27, 28
Toroslu, 0.094, 4096, 4096, 1.00, 3236, 3917, 27, 28
Dijkstra, 0.351, 4096, 4096, 1.00, 3236, 3917, 27, 28
Hidden, 0.723, 4096, 4096, 1.00, 3236, 3917, 27, 28
Uniform, 1.020, 4096, 4096, 1.00, 3236, 3917, 27, 28
Tree, 0.265, 4096, 4096, 1.00, 3279, 3926, 10, 10
SCC, 0.066, 4096, 4096, 1.00, 3279, 3926, 10, 10
Toroslu, 0.092, 4096, 4096, 1.00, 3279, 3926, 10, 10
Dijkstra, 0.275, 4096, 4096, 1.00, 3279, 3926, 10, 10
Hidden, 0.516, 4096, 4096, 1.00, 3279, 3926, 10, 10
Uniform, 0.756, 4096, 4096, 1.00, 3279, 3926, 10, 10
Tree, 1.569, 4096, 9410, 1.10, 4046, 9409, 3065, 7031
SCC, 0.934, 4096, 9410, 1.10, 4046, 9409, 3065, 7031
Toroslu, 13.621, 4096, 9410, 1.10, 4046, 9409, 3065, 7031
Dijkstra, 32.808, 4096, 9410, 1.10, 4046, 9409, 3065, 7031
Hidden, 85.675, 4096, 9410, 1.10, 4046, 9409, 3065, 7031
Uniform, 98.802, 4096, 9410, 1.10, 4046, 9409, 3065, 7031
Tree, 1.525, 4096, 9410, 1.10, 4057, 9408, 3024, 6948
SCC, 0.917, 4096, 9410, 1.10, 4057, 9408, 3024, 6948
Toroslu, 13.811, 4096, 9410, 1.10, 4057, 9408, 3024, 6948
Dijkstra, 32.540, 4096, 9410, 1.10, 4057, 9408, 3024, 6948
Hidden, 85.329, 4096, 9410, 1.10, 4057, 9408, 3024, 6948
Uniform, 98.404, 4096, 9410, 1.10, 4057, 9408, 3024, 6948
Tree, 1.562, 4096, 9410, 1.10, 4052, 9408, 3053, 7058
SCC, 0.942, 4096, 9410, 1.10, 4052, 9408, 3053, 7058
Toroslu, 13.652, 4096, 9410, 1.10, 4052, 9408, 3053, 7058
Dijkstra, 32.504, 4096, 9410, 1.10, 4052, 9408, 3053, 7058
Hidden, 85.281, 4096, 9410, 1.10, 4052, 9408, 3053, 7058
Uniform, 98.291, 4096, 9410, 1.10, 4052, 9408, 3053, 7058
Tree, 5.110, 4096, 21619, 1.20, 4096, 21619, 4061, 21452
SCC, 4.685, 4096, 21619, 1.20, 4096, 21619, 4061, 21452
Toroslu, 82.312, 4096, 21619, 1.20, 4096, 21619, 4061, 21452
Dijkstra, 51.114, 4096, 21619, 1.20, 4096, 21619, 4061, 21452
Hidden, 132.674, 4096, 21619, 1.20, 4096, 21619, 4061, 21452
Uniform, 144.100, 4096, 21619, 1.20, 4096, 21619, 4061, 21452
Tree, 4.883, 4096, 21619, 1.20, 4096, 21619, 4060, 21422
SCC, 4.666, 4096, 21619, 1.20, 4096, 21619, 4060, 21422
Toroslu, 80.879, 4096, 21619, 1.20, 4096, 21619, 4060, 21422
Dijkstra, 51.159, 4096, 21619, 1.20, 4096, 21619, 4060, 21422
Hidden, 130.681, 4096, 21619, 1.20, 4096, 21619, 4060, 21422
Uniform, 144.206, 4096, 21619, 1.20, 4096, 21619, 4060, 21422
Toroslu, 0.008, 1024, 32, 0.50, 3, 2, 1, 0
Tree, 0.014, 1024, 32, 0.50, 3, 2, 1, 0
SCC, 0.005, 1024, 32, 0.50, 3, 2, 1, 0
Dijkstra, 0.014, 1024, 32, 0.50, 3, 2, 1, 0
Hidden Paths, 0.010, 1024, 32, 0.50, 3, 2, 1, 0
Uniform Paths, 0.016, 1024, 32, 0.50, 3, 2, 1, 0
Toroslu, 0.005, 1024, 32, 0.50, 3, 2, 1, 0
Tree, 0.011, 1024, 32, 0.50, 3, 2, 1, 0
SCC, 0.004, 1024, 32, 0.50, 3, 2, 1, 0
Dijkstra, 0.012, 1024, 32, 0.50, 3, 2, 1, 0
Hidden Paths, 0.010, 1024, 32, 0.50, 3, 2, 1, 0
Uniform Paths, 0.016, 1024, 32, 0.50, 3, 2, 1, 0
Toroslu, 0.005, 1024, 32, 0.50, 2, 1, 1, 0
Tree, 0.012, 1024, 32, 0.50, 2, 1, 1, 0
SCC, 0.003, 1024, 32, 0.50, 2, 1, 1, 0
Dijkstra, 0.012, 1024, 32, 0.50, 2, 1, 1, 0
Hidden Paths, 0.010, 1024, 32, 0.50, 2, 1, 1, 0
Uniform Paths, 0.016, 1024, 32, 0.50, 2, 1, 1, 0
Toroslu, 0.005, 1024, 32, 0.50, 3, 2, 1, 0
Tree, 0.011, 1024, 32, 0.50, 3, 2, 1, 0
SCC, 0.004, 1024, 32, 0.50, 3, 2, 1, 0
Dijkstra, 0.012, 1024, 32, 0.50, 3, 2, 1, 0
Hidden Paths, 0.009, 1024, 32, 0.50, 3, 2, 1, 0
Uniform Paths, 0.015, 1024, 32, 0.50, 3, 2, 1, 0
Toroslu, 0.005, 1024, 32, 0.50, 4, 3, 1, 0
Tree, 0.011, 1024, 32, 0.50, 4, 3, 1, 0
SCC, 0.004, 1024, 32, 0.50, 4, 3, 1, 0
Dijkstra, 0.012, 1024, 32, 0.50, 4, 3, 1, 0
Hidden Paths, 0.010, 1024, 32, 0.50, 4, 3, 1, 0
Uniform Paths, 0.016, 1024, 32, 0.50, 4, 3, 1, 0
Toroslu, 0.005, 1024, 64, 0.60, 4, 3, 1, 0
Tree, 0.011, 1024, 64, 0.60, 4, 3, 1, 0
SCC, 0.004, 1024, 64, 0.60, 4, 3, 1, 0
Dijkstra, 0.012, 1024, 64, 0.60, 4, 3, 1, 0
Hidden Paths, 0.010, 1024, 64, 0.60, 4, 3, 1, 0
Uniform Paths, 0.015, 1024, 64, 0.60, 4, 3, 1, 0
Toroslu, 0.005, 1024, 64, 0.60, 4, 3, 1, 0
Tree, 0.011, 1024, 64, 0.60, 4, 3, 1, 0
SCC, 0.004, 1024, 64, 0.60, 4, 3, 1, 0
Dijkstra, 0.012, 1024, 64, 0.60, 4, 3, 1, 0
Hidden Paths, 0.010, 1024, 64, 0.60, 4, 3, 1, 0
Uniform Paths, 0.016, 1024, 64, 0.60, 4, 3, 1, 0
Toroslu, 0.005, 1024, 64, 0.60, 6, 5, 1, 0
Tree, 0.012, 1024, 64, 0.60, 6, 5, 1, 0
SCC, 0.004, 1024, 64, 0.60, 6, 5, 1, 0
Dijkstra, 0.013, 1024, 64, 0.60, 6, 5, 1, 0
Hidden Paths, 0.010, 1024, 64, 0.60, 6, 5, 1, 0
Uniform Paths, 0.017, 1024, 64, 0.60, 6, 5, 1, 0
Toroslu, 0.005, 1024, 64, 0.60, 4, 3, 1, 0
Tree, 0.012, 1024, 64, 0.60, 4, 3, 1, 0
SCC, 0.004, 1024, 64, 0.60, 4, 3, 1, 0
Dijkstra, 0.013, 1024, 64, 0.60, 4, 3, 1, 0
Hidden Paths, 0.010, 1024, 64, 0.60, 4, 3, 1, 0
Uniform Paths, 0.016, 1024, 64, 0.60, 4, 3, 1, 0
Toroslu, 0.005, 1024, 64, 0.60, 4, 3, 1, 0
Tree, 0.011, 1024, 64, 0.60, 4, 3, 1, 0
SCC, 0.004, 1024, 64, 0.60, 4, 3, 1, 0
Dijkstra, 0.012, 1024, 64, 0.60, 4, 3, 1, 0
Hidden Paths, 0.010, 1024, 64, 0.60, 4, 3, 1, 0
Uniform Paths, 0.015, 1024, 64, 0.60, 4, 3, 1, 0
Toroslu, 0.005, 1024, 128, 0.70, 6, 5, 1, 0
Tree, 0.011, 1024, 128, 0.70, 6, 5, 1, 0
SCC, 0.004, 1024, 128, 0.70, 6, 5, 1, 0
Dijkstra, 0.012, 1024, 128, 0.70, 6, 5, 1, 0
Hidden Paths, 0.010, 1024, 128, 0.70, 6, 5, 1, 0
Uniform Paths, 0.016, 1024, 128, 0.70, 6, 5, 1, 0
Toroslu, 0.005, 1024, 128, 0.70, 6, 5, 1, 0
Tree, 0.011, 1024, 128, 0.70, 6, 5, 1, 0
SCC, 0.004, 1024, 128, 0.70, 6, 5, 1, 0
Dijkstra, 0.012, 1024, 128, 0.70, 6, 5, 1, 0
Hidden Paths, 0.010, 1024, 128, 0.70, 6, 5, 1, 0
Uniform Paths, 0.016, 1024, 128, 0.70, 6, 5, 1, 0
Toroslu, 0.005, 1024, 128, 0.70, 8, 7, 1, 0
Tree, 0.012, 1024, 128, 0.70, 8, 7, 1, 0
SCC, 0.004, 1024, 128, 0.70, 8, 7, 1, 0
Dijkstra, 0.013, 1024, 128, 0.70, 8, 7, 1, 0
Hidden Paths, 0.010, 1024, 128, 0.70, 8, 7, 1, 0
Uniform Paths, 0.017, 1024, 128, 0.70, 8, 7, 1, 0
Toroslu, 0.005, 1024, 128, 0.70, 5, 4, 1, 0
Tree, 0.011, 1024, 128, 0.70, 5, 4, 1, 0
SCC, 0.004, 1024, 128, 0.70, 5, 4, 1, 0
Dijkstra, 0.012, 1024, 128, 0.70, 5, 4, 1, 0
Hidden Paths, 0.010, 1024, 128, 0.70, 5, 4, 1, 0
Uniform Paths, 0.017, 1024, 128, 0.70, 5, 4, 1, 0
Toroslu, 0.005, 1024, 128, 0.70, 6, 5, 1, 0
Tree, 0.012, 1024, 128, 0.70, 6, 5, 1, 0
SCC, 0.004, 1024, 128, 0.70, 6, 5, 1, 0
Dijkstra, 0.012, 1024, 128, 0.70, 6, 5, 1, 0
Hidden Paths, 0.010, 1024, 128, 0.70, 6, 5, 1, 0
Uniform Paths, 0.016, 1024, 128, 0.70, 6, 5, 1, 0
Toroslu, 0.005, 1024, 256, 0.80, 12, 11, 1, 0
Tree, 0.011, 1024, 256, 0.80, 12, 11, 1, 0
SCC, 0.004, 1024, 256, 0.80, 12, 11, 1, 0
Dijkstra, 0.013, 1024, 256, 0.80, 12, 11, 1, 0
Hidden Paths, 0.010, 1024, 256, 0.80, 12, 11, 1, 0
Uniform Paths, 0.017, 1024, 256, 0.80, 12, 11, 1, 0
Toroslu, 0.005, 1024, 256, 0.80, 19, 18, 1, 0
Tree, 0.011, 1024, 256, 0.80, 19, 18, 1, 0
SCC, 0.004, 1024, 256, 0.80, 19, 18, 1, 0
Dijkstra, 0.013, 1024, 256, 0.80, 19, 18, 1, 0
Hidden Paths, 0.010, 1024, 256, 0.80, 19, 18, 1, 0
Uniform Paths, 0.016, 1024, 256, 0.80, 19, 18, 1, 0
Toroslu, 0.005, 1024, 256, 0.80, 15, 14, 1, 0
Tree, 0.012, 1024, 256, 0.80, 15, 14, 1, 0
SCC, 0.004, 1024, 256, 0.80, 15, 14, 1, 0
Dijkstra, 0.013, 1024, 256, 0.80, 15, 14, 1, 0
Hidden Paths, 0.010, 1024, 256, 0.80, 15, 14, 1, 0
Uniform Paths, 0.017, 1024, 256, 0.80, 15, 14, 1, 0
Toroslu, 0.005, 1024, 256, 0.80, 11, 10, 1, 0
Tree, 0.011, 1024, 256, 0.80, 11, 10, 1, 0
SCC, 0.004, 1024, 256, 0.80, 11, 10, 1, 0
Dijkstra, 0.012, 1024, 256, 0.80, 11, 10, 1, 0
Hidden Paths, 0.010, 1024, 256, 0.80, 11, 10, 1, 0
Uniform Paths, 0.017, 1024, 256, 0.80, 11, 10, 1, 0
Toroslu, 0.005, 1024, 256, 0.80, 21, 20, 1, 0
Tree, 0.011, 1024, 256, 0.80, 21, 20, 1, 0
SCC, 0.004, 1024, 256, 0.80, 21, 20, 1, 0
Dijkstra, 0.012, 1024, 256, 0.80, 21, 20, 1, 0
Hidden Paths, 0.010, 1024, 256, 0.80, 21, 20, 1, 0
Uniform Paths, 0.016, 1024, 256, 0.80, 21, 20, 1, 0
Toroslu, 0.005, 1024, 512, 0.90, 68, 67, 1, 0
Tree, 0.011, 1024, 512, 0.90, 68, 67, 1, 0
SCC, 0.004, 1024, 512, 0.90, 68, 67, 1, 0
Dijkstra, 0.013, 1024, 512, 0.90, 68, 67, 1, 0
Hidden Paths, 0.012, 1024, 512, 0.90, 68, 67, 1, 0
Uniform Paths, 0.018, 1024, 512, 0.90, 68, 67, 1, 0
Toroslu, 0.005, 1024, 512, 0.90, 88, 88, 1, 0
Tree, 0.011, 1024, 512, 0.90, 88, 88, 1, 0
SCC, 0.004, 1024, 512, 0.90, 88, 88, 1, 0
Dijkstra, 0.013, 1024, 512, 0.90, 88, 88, 1, 0
Hidden Paths, 0.012, 1024, 512, 0.90, 88, 88, 1, 0
Uniform Paths, 0.018, 1024, 512, 0.90, 88, 88, 1, 0
Toroslu, 0.006, 1024, 512, 0.90, 73, 73, 1, 0
Tree, 0.011, 1024, 512, 0.90, 73, 73, 1, 0
SCC, 0.004, 1024, 512, 0.90, 73, 73, 1, 0
Dijkstra, 0.013, 1024, 512, 0.90, 73, 73, 1, 0
Hidden Paths, 0.012, 1024, 512, 0.90, 73, 73, 1, 0
Uniform Paths, 0.019, 1024, 512, 0.90, 73, 73, 1, 0
Toroslu, 0.005, 1024, 512, 0.90, 54, 54, 1, 0
Tree, 0.011, 1024, 512, 0.90, 54, 54, 1, 0
SCC, 0.004, 1024, 512, 0.90, 54, 54, 1, 0
Dijkstra, 0.013, 1024, 512, 0.90, 54, 54, 1, 0
Hidden Paths, 0.011, 1024, 512, 0.90, 54, 54, 1, 0
Uniform Paths, 0.018, 1024, 512, 0.90, 54, 54, 1, 0
Toroslu, 0.006, 1024, 512, 0.90, 135, 135, 2, 2
Tree, 0.012, 1024, 512, 0.90, 135, 135, 2, 2
SCC, 0.004, 1024, 512, 0.90, 135, 135, 2, 2
Dijkstra, 0.013, 1024, 512, 0.90, 135, 135, 2, 2
Hidden Paths, 0.012, 1024, 512, 0.90, 135, 135, 2, 2
Uniform Paths, 0.020, 1024, 512, 0.90, 135, 135, 2, 2
Toroslu, 0.006, 1024, 1024, 1.00, 829, 993, 9, 9
Tree, 0.012, 1024, 1024, 1.00, 829, 993, 9, 9
SCC, 0.004, 1024, 1024, 1.00, 829, 993, 9, 9
Dijkstra, 0.017, 1024, 1024, 1.00, 829, 993, 9, 9
Hidden Paths, 0.033, 1024, 1024, 1.00, 829, 993, 9, 9
Uniform Paths, 0.047, 1024, 1024, 1.00, 829, 993, 9, 9
Toroslu, 0.005, 1024, 1024, 1.00, 800, 979, 5, 5
Tree, 0.012, 1024, 1024, 1.00, 800, 979, 5, 5
SCC, 0.004, 1024, 1024, 1.00, 800, 979, 5, 5
Dijkstra, 0.018, 1024, 1024, 1.00, 800, 979, 5, 5
Hidden Paths, 0.034, 1024, 1024, 1.00, 800, 979, 5, 5
Uniform Paths, 0.048, 1024, 1024, 1.00, 800, 979, 5, 5
Toroslu, 0.005, 1024, 1024, 1.00, 826, 987, 10, 10
Tree, 0.012, 1024, 1024, 1.00, 826, 987, 10, 10
SCC, 0.005, 1024, 1024, 1.00, 826, 987, 10, 10
Dijkstra, 0.026, 1024, 1024, 1.00, 826, 987, 10, 10
Hidden Paths, 0.060, 1024, 1024, 1.00, 826, 987, 10, 10
Uniform Paths, 0.082, 1024, 1024, 1.00, 826, 987, 10, 10
Toroslu, 0.005, 1024, 1024, 1.00, 838, 987, 3, 3
Tree, 0.011, 1024, 1024, 1.00, 838, 987, 3, 3
SCC, 0.004, 1024, 1024, 1.00, 838, 987, 3, 3
Dijkstra, 0.017, 1024, 1024, 1.00, 838, 987, 3, 3
Hidden Paths, 0.033, 1024, 1024, 1.00, 838, 987, 3, 3
Uniform Paths, 0.048, 1024, 1024, 1.00, 838, 987, 3, 3
Toroslu, 0.006, 1024, 1024, 1.00, 813, 972, 10, 10
Tree, 0.012, 1024, 1024, 1.00, 813, 972, 10, 10
SCC, 0.004, 1024, 1024, 1.00, 813, 972, 10, 10
Dijkstra, 0.029, 1024, 1024, 1.00, 813, 972, 10, 10
Hidden Paths, 0.075, 1024, 1024, 1.00, 813, 972, 10, 10
Uniform Paths, 0.101, 1024, 1024, 1.00, 813, 972, 10, 10
Toroslu, 0.121, 1024, 2048, 1.10, 1005, 2047, 651, 1322
Tree, 0.034, 1024, 2048, 1.10, 1005, 2047, 651, 1322
SCC, 0.026, 1024, 2048, 1.10, 1005, 2047, 651, 1322
Dijkstra, 1.294, 1024, 2048, 1.10, 1005, 2047, 651, 1322
Hidden Paths, 3.426, 1024, 2048, 1.10, 1005, 2047, 651, 1322
Uniform Paths, 3.950, 1024, 2048, 1.10, 1005, 2047, 651, 1322
Toroslu, 0.137, 1024, 2048, 1.10, 997, 2046, 677, 1396
Tree, 0.035, 1024, 2048, 1.10, 997, 2046, 677, 1396
SCC, 0.029, 1024, 2048, 1.10, 997, 2046, 677, 1396
Dijkstra, 1.328, 1024, 2048, 1.10, 997, 2046, 677, 1396
Hidden Paths, 3.396, 1024, 2048, 1.10, 997, 2046, 677, 1396
Uniform Paths, 4.017, 1024, 2048, 1.10, 997, 2046, 677, 1396
Toroslu, 0.139, 1024, 2048, 1.10, 1002, 2046, 679, 1376
Tree, 0.036, 1024, 2048, 1.10, 1002, 2046, 679, 1376
SCC, 0.027, 1024, 2048, 1.10, 1002, 2046, 679, 1376
Dijkstra, 1.329, 1024, 2048, 1.10, 1002, 2046, 679, 1376
Hidden Paths, 3.369, 1024, 2048, 1.10, 1002, 2046, 679, 1376
Uniform Paths, 4.070, 1024, 2048, 1.10, 1002, 2046, 679, 1376
Toroslu, 0.138, 1024, 2048, 1.10, 998, 2046, 672, 1357
Tree, 0.036, 1024, 2048, 1.10, 998, 2046, 672, 1357
SCC, 0.027, 1024, 2048, 1.10, 998, 2046, 672, 1357
Dijkstra, 1.297, 1024, 2048, 1.10, 998, 2046, 672, 1357
Hidden Paths, 3.317, 1024, 2048, 1.10, 998, 2046, 672, 1357
Uniform Paths, 3.986, 1024, 2048, 1.10, 998, 2046, 672, 1357
Toroslu, 0.133, 1024, 2048, 1.10, 1001, 2047, 659, 1341
Tree, 0.033, 1024, 2048, 1.10, 1001, 2047, 659, 1341
SCC, 0.026, 1024, 2048, 1.10, 1001, 2047, 659, 1341
Dijkstra, 1.287, 1024, 2048, 1.10, 1001, 2047, 659, 1341
Hidden Paths, 3.275, 1024, 2048, 1.10, 1001, 2047, 659, 1341
Uniform Paths, 3.944, 1024, 2048, 1.10, 1001, 2047, 659, 1341
Toroslu, 0.838, 1024, 4096, 1.20, 1024, 4096, 992, 3971
Tree, 0.104, 1024, 4096, 1.20, 1024, 4096, 992, 3971
SCC, 0.098, 1024, 4096, 1.20, 1024, 4096, 992, 3971
Dijkstra, 2.443, 1024, 4096, 1.20, 1024, 4096, 992, 3971
Hidden Paths, 5.659, 1024, 4096, 1.20, 1024, 4096, 992, 3971
Uniform Paths, 6.727, 1024, 4096, 1.20, 1024, 4096, 992, 3971
Toroslu, 0.890, 1024, 4096, 1.20, 1023, 4096, 988, 3942
Tree, 0.103, 1024, 4096, 1.20, 1023, 4096, 988, 3942
SCC, 0.101, 1024, 4096, 1.20, 1023, 4096, 988, 3942
Dijkstra, 2.441, 1024, 4096, 1.20, 1023, 4096, 988, 3942
Hidden Paths, 5.538, 1024, 4096, 1.20, 1023, 4096, 988, 3942
Uniform Paths, 6.462, 1024, 4096, 1.20, 1023, 4096, 988, 3942
Toroslu, 0.844, 1024, 4096, 1.20, 1024, 4096, 991, 3949
Tree, 0.099, 1024, 4096, 1.20, 1024, 4096, 991, 3949
SCC, 0.097, 1024, 4096, 1.20, 1024, 4096, 991, 3949
Dijkstra, 2.398, 1024, 4096, 1.20, 1024, 4096, 991, 3949
Hidden Paths, 5.581, 1024, 4096, 1.20, 1024, 4096, 991, 3949
Uniform Paths, 6.563, 1024, 4096, 1.20, 1024, 4096, 991, 3949
Toroslu, 0.808, 1024, 4096, 1.20, 1024, 4096, 979, 3915
Tree, 0.096, 1024, 4096, 1.20, 1024, 4096, 979, 3915
SCC, 0.094, 1024, 4096, 1.20, 1024, 4096, 979, 3915
Dijkstra, 2.358, 1024, 4096, 1.20, 1024, 4096, 979, 3915
Hidden Paths, 5.367, 1024, 4096, 1.20, 1024, 4096, 979, 3915
Uniform Paths, 6.482, 1024, 4096, 1.20, 1024, 4096, 979, 3915
Toroslu, 0.869, 1024, 4096, 1.20, 1024, 4096, 990, 3951
Tree, 0.096, 1024, 4096, 1.20, 1024, 4096, 990, 3951
SCC, 0.098, 1024, 4096, 1.20, 1024, 4096, 990, 3951
Dijkstra, 2.402, 1024, 4096, 1.20, 1024, 4096, 990, 3951
Hidden Paths, 5.476, 1024, 4096, 1.20, 1024, 4096, 990, 3951
Uniform Paths, 6.536, 1024, 4096, 1.20, 1024, 4096, 990, 3951
Toroslu, 1.925, 1024, 8192, 1.30, 1024, 8192, 1024, 8192
Tree, 0.185, 1024, 8192, 1.30, 1024, 8192, 1024, 8192
SCC, 0.189, 1024, 8192, 1.30, 1024, 8192, 1024, 8192
Dijkstra, 2.827, 1024, 8192, 1.30, 1024, 8192, 1024, 8192
Hidden Paths, 6.103, 1024, 8192, 1.30, 1024, 8192, 1024, 8192
Uniform Paths, 7.141, 1024, 8192, 1.30, 1024, 8192, 1024, 8192
Toroslu, 1.866, 1024, 8192, 1.30, 1024, 8192, 1021, 8165
Tree, 0.183, 1024, 8192, 1.30, 1024, 8192, 1021, 8165
SCC, 0.176, 1024, 8192, 1.30, 1024, 8192, 1021, 8165
Dijkstra, 2.825, 1024, 8192, 1.30, 1024, 8192, 1021, 8165
Hidden Paths, 5.960, 1024, 8192, 1.30, 1024, 8192, 1021, 8165
Uniform Paths, 6.964, 1024, 8192, 1.30, 1024, 8192, 1021, 8165
Toroslu, 1.855, 1024, 8192, 1.30, 1024, 8192, 1023, 8186
Tree, 0.179, 1024, 8192, 1.30, 1024, 8192, 1023, 8186
SCC, 0.177, 1024, 8192, 1.30, 1024, 8192, 1023, 8186
Dijkstra, 2.775, 1024, 8192, 1.30, 1024, 8192, 1023, 8186
Hidden Paths, 5.841, 1024, 8192, 1.30, 1024, 8192, 1023, 8186
Uniform Paths, 6.884, 1024, 8192, 1.30, 1024, 8192, 1023, 8186
Toroslu, 1.803, 1024, 8192, 1.30, 1024, 8192, 1023, 8184
Tree, 0.175, 1024, 8192, 1.30, 1024, 8192, 1023, 8184
SCC, 0.177, 1024, 8192, 1.30, 1024, 8192, 1023, 8184
Dijkstra, 2.775, 1024, 8192, 1.30, 1024, 8192, 1023, 8184
Hidden Paths, 5.863, 1024, 8192, 1.30, 1024, 8192, 1023, 8184
Uniform Paths, 6.880, 1024, 8192, 1.30, 1024, 8192, 1023, 8184
Toroslu, 1.866, 1024, 8192, 1.30, 1024, 8192, 1023, 8185
Tree, 0.174, 1024, 8192, 1.30, 1024, 8192, 1023, 8185
SCC, 0.183, 1024, 8192, 1.30, 1024, 8192, 1023, 8185
Dijkstra, 2.786, 1024, 8192, 1.30, 1024, 8192, 1023, 8185
Hidden Paths, 5.835, 1024, 8192, 1.30, 1024, 8192, 1023, 8185
Uniform Paths, 6.862, 1024, 8192, 1.30, 1024, 8192, 1023, 8185
Toroslu, 0.020, 2048, 45, 0.50, 3, 2, 1, 0
Tree, 0.049, 2048, 45, 0.50, 3, 2, 1, 0
SCC, 0.015, 2048, 45, 0.50, 3, 2, 1, 0
Dijkstra, 0.049, 2048, 45, 0.50, 3, 2, 1, 0
Hidden Paths, 0.041, 2048, 45, 0.50, 3, 2, 1, 0
Uniform Paths, 0.069, 2048, 45, 0.50, 3, 2, 1, 0
Toroslu, 0.020, 2048, 45, 0.50, 3, 2, 1, 0
Tree, 0.049, 2048, 45, 0.50, 3, 2, 1, 0
SCC, 0.015, 2048, 45, 0.50, 3, 2, 1, 0
Dijkstra, 0.049, 2048, 45, 0.50, 3, 2, 1, 0
Hidden Paths, 0.039, 2048, 45, 0.50, 3, 2, 1, 0
Uniform Paths, 0.064, 2048, 45, 0.50, 3, 2, 1, 0
Toroslu, 0.020, 2048, 45, 0.50, 3, 2, 1, 0
Tree, 0.047, 2048, 45, 0.50, 3, 2, 1, 0
SCC, 0.015, 2048, 45, 0.50, 3, 2, 1, 0
Dijkstra, 0.048, 2048, 45, 0.50, 3, 2, 1, 0
Hidden Paths, 0.039, 2048, 45, 0.50, 3, 2, 1, 0
Uniform Paths, 0.064, 2048, 45, 0.50, 3, 2, 1, 0
Toroslu, 0.020, 2048, 45, 0.50, 3, 2, 1, 0
Tree, 0.047, 2048, 45, 0.50, 3, 2, 1, 0
SCC, 0.015, 2048, 45, 0.50, 3, 2, 1, 0
Dijkstra, 0.049, 2048, 45, 0.50, 3, 2, 1, 0
Hidden Paths, 0.039, 2048, 45, 0.50, 3, 2, 1, 0
Uniform Paths, 0.064, 2048, 45, 0.50, 3, 2, 1, 0
Toroslu, 0.020, 2048, 45, 0.50, 3, 2, 1, 0
Tree, 0.047, 2048, 45, 0.50, 3, 2, 1, 0
SCC, 0.014, 2048, 45, 0.50, 3, 2, 1, 0
Dijkstra, 0.048, 2048, 45, 0.50, 3, 2, 1, 0
Hidden Paths, 0.038, 2048, 45, 0.50, 3, 2, 1, 0
Uniform Paths, 0.063, 2048, 45, 0.50, 3, 2, 1, 0
Toroslu, 0.020, 2048, 97, 0.60, 4, 3, 1, 0
Tree, 0.047, 2048, 97, 0.60, 4, 3, 1, 0
SCC, 0.014, 2048, 97, 0.60, 4, 3, 1, 0
Dijkstra, 0.048, 2048, 97, 0.60, 4, 3, 1, 0
Hidden Paths, 0.039, 2048, 97, 0.60, 4, 3, 1, 0
Uniform Paths, 0.064, 2048, 97, 0.60, 4, 3, 1, 0
Toroslu, 0.020, 2048, 97, 0.60, 4, 3, 1, 0
Tree, 0.047, 2048, 97, 0.60, 4, 3, 1, 0
SCC, 0.015, 2048, 97, 0.60, 4, 3, 1, 0
Dijkstra, 0.048, 2048, 97, 0.60, 4, 3, 1, 0
Hidden Paths, 0.039, 2048, 97, 0.60, 4, 3, 1, 0
Uniform Paths, 0.063, 2048, 97, 0.60, 4, 3, 1, 0
Toroslu, 0.020, 2048, 97, 0.60, 3, 2, 1, 0
Tree, 0.047, 2048, 97, 0.60, 3, 2, 1, 0
SCC, 0.015, 2048, 97, 0.60, 3, 2, 1, 0
Dijkstra, 0.048, 2048, 97, 0.60, 3, 2, 1, 0
Hidden Paths, 0.038, 2048, 97, 0.60, 3, 2, 1, 0
Uniform Paths, 0.063, 2048, 97, 0.60, 3, 2, 1, 0
Toroslu, 0.021, 2048, 97, 0.60, 4, 3, 1, 0
Tree, 0.047, 2048, 97, 0.60, 4, 3, 1, 0
SCC, 0.014, 2048, 97, 0.60, 4, 3, 1, 0
Dijkstra, 0.048, 2048, 97, 0.60, 4, 3, 1, 0
Hidden Paths, 0.039, 2048, 97, 0.60, 4, 3, 1, 0
Uniform Paths, 0.064, 2048, 97, 0.60, 4, 3, 1, 0
Toroslu, 0.020, 2048, 97, 0.60, 4, 3, 1, 0
Tree, 0.049, 2048, 97, 0.60, 4, 3, 1, 0
SCC, 0.015, 2048, 97, 0.60, 4, 3, 1, 0
Dijkstra, 0.048, 2048, 97, 0.60, 4, 3, 1, 0
Hidden Paths, 0.039, 2048, 97, 0.60, 4, 3, 1, 0
Uniform Paths, 0.063, 2048, 97, 0.60, 4, 3, 1, 0
Toroslu, 0.020, 2048, 208, 0.70, 6, 5, 1, 0
Tree, 0.048, 2048, 208, 0.70, 6, 5, 1, 0
SCC, 0.015, 2048, 208, 0.70, 6, 5, 1, 0
Dijkstra, 0.049, 2048, 208, 0.70, 6, 5, 1, 0
Hidden Paths, 0.039, 2048, 208, 0.70, 6, 5, 1, 0
Uniform Paths, 0.064, 2048, 208, 0.70, 6, 5, 1, 0
Toroslu, 0.020, 2048, 208, 0.70, 4, 3, 1, 0
Tree, 0.047, 2048, 208, 0.70, 4, 3, 1, 0
SCC, 0.015, 2048, 208, 0.70, 4, 3, 1, 0
Dijkstra, 0.049, 2048, 208, 0.70, 4, 3, 1, 0
Hidden Paths, 0.039, 2048, 208, 0.70, 4, 3, 1, 0
Uniform Paths, 0.063, 2048, 208, 0.70, 4, 3, 1, 0
Toroslu, 0.020, 2048, 208, 0.70, 6, 5, 1, 0
Tree, 0.053, 2048, 208, 0.70, 6, 5, 1, 0
SCC, 0.015, 2048, 208, 0.70, 6, 5, 1, 0
Dijkstra, 0.048, 2048, 208, 0.70, 6, 5, 1, 0
Hidden Paths, 0.040, 2048, 208, 0.70, 6, 5, 1, 0
Uniform Paths, 0.063, 2048, 208, 0.70, 6, 5, 1, 0
Toroslu, 0.020, 2048, 208, 0.70, 5, 4, 1, 0
Tree, 0.047, 2048, 208, 0.70, 5, 4, 1, 0
SCC, 0.015, 2048, 208, 0.70, 5, 4, 1, 0
Dijkstra, 0.048, 2048, 208, 0.70, 5, 4, 1, 0
Hidden Paths, 0.039, 2048, 208, 0.70, 5, 4, 1, 0
Uniform Paths, 0.062, 2048, 208, 0.70, 5, 4, 1, 0
Toroslu, 0.020, 2048, 208, 0.70, 4, 3, 1, 0
Tree, 0.053, 2048, 208, 0.70, 4, 3, 1, 0
SCC, 0.015, 2048, 208, 0.70, 4, 3, 1, 0
Dijkstra, 0.048, 2048, 208, 0.70, 4, 3, 1, 0
Hidden Paths, 0.039, 2048, 208, 0.70, 4, 3, 1, 0
Uniform Paths, 0.062, 2048, 208, 0.70, 4, 3, 1, 0
Toroslu, 0.020, 2048, 446, 0.80, 9, 8, 1, 0
Tree, 0.054, 2048, 446, 0.80, 9, 8, 1, 0
SCC, 0.015, 2048, 446, 0.80, 9, 8, 1, 0
Dijkstra, 0.049, 2048, 446, 0.80, 9, 8, 1, 0
Hidden Paths, 0.040, 2048, 446, 0.80, 9, 8, 1, 0
Uniform Paths, 0.064, 2048, 446, 0.80, 9, 8, 1, 0
Toroslu, 0.021, 2048, 446, 0.80, 10, 9, 1, 0
Tree, 0.054, 2048, 446, 0.80, 10, 9, 1, 0
SCC, 0.015, 2048, 446, 0.80, 10, 9, 1, 0
Dijkstra, 0.049, 2048, 446, 0.80, 10, 9, 1, 0
Hidden Paths, 0.039, 2048, 446, 0.80, 10, 9, 1, 0
Uniform Paths, 0.063, 2048, 446, 0.80, 10, 9, 1, 0
Toroslu, 0.021, 2048, 446, 0.80, 10, 9, 1, 0
Tree, 0.054, 2048, 446, 0.80, 10, 9, 1, 0
SCC, 0.015, 2048, 446, 0.80, 10, 9, 1, 0
Dijkstra, 0.048, 2048, 446, 0.80, 10, 9, 1, 0
Hidden Paths, 0.039, 2048, 446, 0.80, 10, 9, 1, 0
Uniform Paths, 0.064, 2048, 446, 0.80, 10, 9, 1, 0
Toroslu, 0.020, 2048, 446, 0.80, 10, 9, 1, 0
Tree, 0.047, 2048, 446, 0.80, 10, 9, 1, 0
SCC, 0.015, 2048, 446, 0.80, 10, 9, 1, 0
Dijkstra, 0.049, 2048, 446, 0.80, 10, 9, 1, 0
Hidden Paths, 0.040, 2048, 446, 0.80, 10, 9, 1, 0
Uniform Paths, 0.063, 2048, 446, 0.80, 10, 9, 1, 0
Toroslu, 0.021, 2048, 446, 0.80, 13, 12, 1, 0
Tree, 0.047, 2048, 446, 0.80, 13, 12, 1, 0
SCC, 0.015, 2048, 446, 0.80, 13, 12, 1, 0
Dijkstra, 0.049, 2048, 446, 0.80, 13, 12, 1, 0
Hidden Paths, 0.039, 2048, 446, 0.80, 13, 12, 1, 0
Uniform Paths, 0.064, 2048, 446, 0.80, 13, 12, 1, 0
Toroslu, 0.021, 2048, 955, 0.90, 62, 61, 1, 0
Tree, 0.048, 2048, 955, 0.90, 62, 61, 1, 0
SCC, 0.016, 2048, 955, 0.90, 62, 61, 1, 0
Dijkstra, 0.049, 2048, 955, 0.90, 62, 61, 1, 0
Hidden Paths, 0.043, 2048, 955, 0.90, 62, 61, 1, 0
Uniform Paths, 0.068, 2048, 955, 0.90, 62, 61, 1, 0
Toroslu, 0.021, 2048, 955, 0.90, 134, 134, 1, 0
Tree, 0.047, 2048, 955, 0.90, 134, 134, 1, 0
SCC, 0.016, 2048, 955, 0.90, 134, 134, 1, 0
Dijkstra, 0.049, 2048, 955, 0.90, 134, 134, 1, 0
Hidden Paths, 0.043, 2048, 955, 0.90, 134, 134, 1, 0
Uniform Paths, 0.067, 2048, 955, 0.90, 134, 134, 1, 0
Toroslu, 0.021, 2048, 955, 0.90, 77, 76, 1, 0
Tree, 0.048, 2048, 955, 0.90, 77, 76, 1, 0
SCC, 0.015, 2048, 955, 0.90, 77, 76, 1, 0
Dijkstra, 0.049, 2048, 955, 0.90, 77, 76, 1, 0
Hidden Paths, 0.043, 2048, 955, 0.90, 77, 76, 1, 0
Uniform Paths, 0.067, 2048, 955, 0.90, 77, 76, 1, 0
Toroslu, 0.021, 2048, 955, 0.90, 84, 83, 1, 0
Tree, 0.047, 2048, 955, 0.90, 84, 83, 1, 0
SCC, 0.015, 2048, 955, 0.90, 84, 83, 1, 0
Dijkstra, 0.049, 2048, 955, 0.90, 84, 83, 1, 0
Hidden Paths, 0.043, 2048, 955, 0.90, 84, 83, 1, 0
Uniform Paths, 0.068, 2048, 955, 0.90, 84, 83, 1, 0
Toroslu, 0.021, 2048, 955, 0.90, 61, 60, 1, 0
Tree, 0.054, 2048, 955, 0.90, 61, 60, 1, 0
SCC, 0.015, 2048, 955, 0.90, 61, 60, 1, 0
Dijkstra, 0.049, 2048, 955, 0.90, 61, 60, 1, 0
Hidden Paths, 0.043, 2048, 955, 0.90, 61, 60, 1, 0
Uniform Paths, 0.067, 2048, 955, 0.90, 61, 60, 1, 0
Toroslu, 0.023, 2048, 2048, 1.00, 1632, 1957, 21, 22
Tree, 0.048, 2048, 2048, 1.00, 1632, 1957, 21, 22
SCC, 0.017, 2048, 2048, 1.00, 1632, 1957, 21, 22
Dijkstra, 0.084, 2048, 2048, 1.00, 1632, 1957, 21, 22
Hidden Paths, 0.184, 2048, 2048, 1.00, 1632, 1957, 21, 22
Uniform Paths, 0.252, 2048, 2048, 1.00, 1632, 1957, 21, 22
Toroslu, 0.022, 2048, 2048, 1.00, 1639, 1977, 2, 2
Tree, 0.048, 2048, 2048, 1.00, 1639, 1977, 2, 2
SCC, 0.017, 2048, 2048, 1.00, 1639, 1977, 2, 2
Dijkstra, 0.065, 2048, 2048, 1.00, 1639, 1977, 2, 2
Hidden Paths, 0.110, 2048, 2048, 1.00, 1639, 1977, 2, 2
Uniform Paths, 0.156, 2048, 2048, 1.00, 1639, 1977, 2, 2
Toroslu, 0.023, 2048, 2048, 1.00, 1626, 1976, 40, 43
Tree, 0.054, 2048, 2048, 1.00, 1626, 1976, 40, 43
SCC, 0.017, 2048, 2048, 1.00, 1626, 1976, 40, 43
Dijkstra, 0.109, 2048, 2048, 1.00, 1626, 1976, 40, 43
Hidden Paths, 0.245, 2048, 2048, 1.00, 1626, 1976, 40, 43
Uniform Paths, 0.328, 2048, 2048, 1.00, 1626, 1976, 40, 43
Toroslu, 0.023, 2048, 2048, 1.00, 1589, 1933, 15, 16
Tree, 0.054, 2048, 2048, 1.00, 1589, 1933, 15, 16
SCC, 0.017, 2048, 2048, 1.00, 1589, 1933, 15, 16
Dijkstra, 0.080, 2048, 2048, 1.00, 1589, 1933, 15, 16
Hidden Paths, 0.162, 2048, 2048, 1.00, 1589, 1933, 15, 16
Uniform Paths, 0.221, 2048, 2048, 1.00, 1589, 1933, 15, 16
Toroslu, 0.024, 2048, 2048, 1.00, 1651, 1975, 21, 23
Tree, 0.054, 2048, 2048, 1.00, 1651, 1975, 21, 23
SCC, 0.017, 2048, 2048, 1.00, 1651, 1975, 21, 23
Dijkstra, 0.109, 2048, 2048, 1.00, 1651, 1975, 21, 23
Hidden Paths, 0.270, 2048, 2048, 1.00, 1651, 1975, 21, 23
Uniform Paths, 0.352, 2048, 2048, 1.00, 1651, 1975, 21, 23
Toroslu, 1.232, 2048, 4390, 1.10, 2013, 4389, 1444, 3140
Tree, 0.182, 2048, 4390, 1.10, 2013, 4389, 1444, 3140
SCC, 0.163, 2048, 4390, 1.10, 2013, 4389, 1444, 3140
Dijkstra, 6.582, 2048, 4390, 1.10, 2013, 4389, 1444, 3140
Hidden Paths, 16.596, 2048, 4390, 1.10, 2013, 4389, 1444, 3140
Uniform Paths, 19.929, 2048, 4390, 1.10, 2013, 4389, 1444, 3140
Toroslu, 1.162, 2048, 4390, 1.10, 2017, 4388, 1385, 3004
Tree, 0.173, 2048, 4390, 1.10, 2017, 4388, 1385, 3004
SCC, 0.121, 2048, 4390, 1.10, 2017, 4388, 1385, 3004
Dijkstra, 6.364, 2048, 4390, 1.10, 2017, 4388, 1385, 3004
Hidden Paths, 15.967, 2048, 4390, 1.10, 2017, 4388, 1385, 3004
Uniform Paths, 19.448, 2048, 4390, 1.10, 2017, 4388, 1385, 3004
Toroslu, 1.274, 2048, 4390, 1.10, 2013, 4389, 1460, 3147
Tree, 0.181, 2048, 4390, 1.10, 2013, 4389, 1460, 3147
SCC, 0.142, 2048, 4390, 1.10, 2013, 4389, 1460, 3147
Dijkstra, 6.647, 2048, 4390, 1.10, 2013, 4389, 1460, 3147
Hidden Paths, 16.719, 2048, 4390, 1.10, 2013, 4389, 1460, 3147
Uniform Paths, 20.250, 2048, 4390, 1.10, 2013, 4389, 1460, 3147
Toroslu, 1.232, 2048, 4390, 1.10, 2021, 4389, 1422, 3079
Tree, 0.189, 2048, 4390, 1.10, 2021, 4389, 1422, 3079
SCC, 0.135, 2048, 4390, 1.10, 2021, 4389, 1422, 3079
Dijkstra, 6.676, 2048, 4390, 1.10, 2021, 4389, 1422, 3079
Hidden Paths, 16.579, 2048, 4390, 1.10, 2021, 4389, 1422, 3079
Uniform Paths, 20.051, 2048, 4390, 1.10, 2021, 4389, 1422, 3079
Toroslu, 1.387, 2048, 4390, 1.10, 2026, 4390, 1415, 2965
Tree, 0.183, 2048, 4390, 1.10, 2026, 4390, 1415, 2965
SCC, 0.131, 2048, 4390, 1.10, 2026, 4390, 1415, 2965
Dijkstra, 6.618, 2048, 4390, 1.10, 2026, 4390, 1415, 2965
Hidden Paths, 16.486, 2048, 4390, 1.10, 2026, 4390, 1415, 2965
Uniform Paths, 19.906, 2048, 4390, 1.10, 2026, 4390, 1415, 2965
Toroslu, 8.003, 2048, 9410, 1.20, 2048, 9410, 2010, 9240
Tree, 0.613, 2048, 9410, 1.20, 2048, 9410, 2010, 9240
SCC, 0.531, 2048, 9410, 1.20, 2048, 9410, 2010, 9240
Dijkstra, 11.372, 2048, 9410, 1.20, 2048, 9410, 2010, 9240
Hidden Paths, 27.824, 2048, 9410, 1.20, 2048, 9410, 2010, 9240
Uniform Paths, 30.862, 2048, 9410, 1.20, 2048, 9410, 2010, 9240
Toroslu, 8.084, 2048, 9410, 1.20, 2048, 9410, 2003, 9213
Tree, 0.582, 2048, 9410, 1.20, 2048, 9410, 2003, 9213
SCC, 0.545, 2048, 9410, 1.20, 2048, 9410, 2003, 9213
Dijkstra, 11.175, 2048, 9410, 1.20, 2048, 9410, 2003, 9213
Hidden Paths, 27.207, 2048, 9410, 1.20, 2048, 9410, 2003, 9213
Uniform Paths, 31.276, 2048, 9410, 1.20, 2048, 9410, 2003, 9213
Toroslu, 7.967, 2048, 9410, 1.20, 2048, 9410, 1997, 9158
Tree, 0.556, 2048, 9410, 1.20, 2048, 9410, 1997, 9158
SCC, 0.512, 2048, 9410, 1.20, 2048, 9410, 1997, 9158
Dijkstra, 11.138, 2048, 9410, 1.20, 2048, 9410, 1997, 9158
Hidden Paths, 26.759, 2048, 9410, 1.20, 2048, 9410, 1997, 9158
Uniform Paths, 30.847, 2048, 9410, 1.20, 2048, 9410, 1997, 9158
Toroslu, 7.875, 2048, 9410, 1.20, 2048, 9410, 2009, 9243
Tree, 0.558, 2048, 9410, 1.20, 2048, 9410, 2009, 9243
SCC, 0.516, 2048, 9410, 1.20, 2048, 9410, 2009, 9243
Dijkstra, 11.278, 2048, 9410, 1.20, 2048, 9410, 2009, 9243
Hidden Paths, 27.262, 2048, 9410, 1.20, 2048, 9410, 2009, 9243
Uniform Paths, 31.701, 2048, 9410, 1.20, 2048, 9410, 2009, 9243
Toroslu, 8.000, 2048, 9410, 1.20, 2048, 9410, 2005, 9221
Tree, 0.560, 2048, 9410, 1.20, 2048, 9410, 2005, 9221
SCC, 0.529, 2048, 9410, 1.20, 2048, 9410, 2005, 9221
Dijkstra, 11.302, 2048, 9410, 1.20, 2048, 9410, 2005, 9221
Hidden Paths, 27.716, 2048, 9410, 1.20, 2048, 9410, 2005, 9221
Uniform Paths, 31.343, 2048, 9410, 1.20, 2048, 9410, 2005, 9221
Toroslu, 17.506, 2048, 20171, 1.30, 2048, 20171, 2047, 20163
Tree, 0.996, 2048, 20171, 1.30, 2048, 20171, 2047, 20163
SCC, 0.976, 2048, 20171, 1.30, 2048, 20171, 2047, 20163
Dijkstra, 12.867, 2048, 20171, 1.30, 2048, 20171, 2047, 20163
Hidden Paths, 29.137, 2048, 20171, 1.30, 2048, 20171, 2047, 20163
Uniform Paths, 33.205, 2048, 20171, 1.30, 2048, 20171, 2047, 20163
Toroslu, 17.643, 2048, 20171, 1.30, 2048, 20171, 2048, 20171
Tree, 1.038, 2048, 20171, 1.30, 2048, 20171, 2048, 20171
SCC, 1.127, 2048, 20171, 1.30, 2048, 20171, 2048, 20171
Dijkstra, 12.769, 2048, 20171, 1.30, 2048, 20171, 2048, 20171
Hidden Paths, 29.018, 2048, 20171, 1.30, 2048, 20171, 2048, 20171
Uniform Paths, 32.576, 2048, 20171, 1.30, 2048, 20171, 2048, 20171
Toroslu, 17.497, 2048, 20171, 1.30, 2048, 20171, 2048, 20171
Tree, 0.990, 2048, 20171, 1.30, 2048, 20171, 2048, 20171
SCC, 1.000, 2048, 20171, 1.30, 2048, 20171, 2048, 20171
Dijkstra, 12.654, 2048, 20171, 1.30, 2048, 20171, 2048, 20171
Hidden Paths, 29.413, 2048, 20171, 1.30, 2048, 20171, 2048, 20171
Uniform Paths, 33.480, 2048, 20171, 1.30, 2048, 20171, 2048, 20171
Toroslu, 17.617, 2048, 20171, 1.30, 2048, 20171, 2048, 20171
Tree, 1.058, 2048, 20171, 1.30, 2048, 20171, 2048, 20171
SCC, 1.021, 2048, 20171, 1.30, 2048, 20171, 2048, 20171
Dijkstra, 12.791, 2048, 20171, 1.30, 2048, 20171, 2048, 20171
Hidden Paths, 29.265, 2048, 20171, 1.30, 2048, 20171, 2048, 20171
Uniform Paths, 32.667, 2048, 20171, 1.30, 2048, 20171, 2048, 20171
Toroslu, 16.904, 2048, 20171, 1.30, 2048, 20171, 2048, 20171
Tree, 1.017, 2048, 20171, 1.30, 2048, 20171, 2048, 20171
SCC, 1.071, 2048, 20171, 1.30, 2048, 20171, 2048, 20171
Dijkstra, 12.783, 2048, 20171, 1.30, 2048, 20171, 2048, 20171
Hidden Paths, 28.515, 2048, 20171, 1.30, 2048, 20171, 2048, 20171
Uniform Paths, 32.036, 2048, 20171, 1.30, 2048, 20171, 2048, 20171
Toroslu, 0.007, 1024, 32, 0.50, 3, 2, 1, 0
Tree, 0.014, 1024, 32, 0.50, 3, 2, 1, 0
SCC, 0.004, 1024, 32, 0.50, 3, 2, 1, 0
Dijkstra, 0.013, 1024, 32, 0.50, 3, 2, 1, 0
Hidden Paths, 0.010, 1024, 32, 0.50, 3, 2, 1, 0
Uniform Paths, 0.016, 1024, 32, 0.50, 3, 2, 1, 0
Toroslu, 0.005, 1024, 64, 0.60, 4, 3, 1, 0
Tree, 0.011, 1024, 64, 0.60, 4, 3, 1, 0
SCC, 0.004, 1024, 64, 0.60, 4, 3, 1, 0
Dijkstra, 0.013, 1024, 64, 0.60, 4, 3, 1, 0
Hidden Paths, 0.010, 1024, 64, 0.60, 4, 3, 1, 0
Uniform Paths, 0.017, 1024, 64, 0.60, 4, 3, 1, 0
Toroslu, 0.006, 1024, 128, 0.70, 6, 5, 1, 0
Tree, 0.012, 1024, 128, 0.70, 6, 5, 1, 0
SCC, 0.004, 1024, 128, 0.70, 6, 5, 1, 0
Dijkstra, 0.013, 1024, 128, 0.70, 6, 5, 1, 0
Hidden Paths, 0.010, 1024, 128, 0.70, 6, 5, 1, 0
Uniform Paths, 0.017, 1024, 128, 0.70, 6, 5, 1, 0
Toroslu, 0.005, 1024, 256, 0.80, 13, 12, 1, 0
Tree, 0.011, 1024, 256, 0.80, 13, 12, 1, 0
SCC, 0.004, 1024, 256, 0.80, 13, 12, 1, 0
Dijkstra, 0.012, 1024, 256, 0.80, 13, 12, 1, 0
Hidden Paths, 0.010, 1024, 256, 0.80, 13, 12, 1, 0
Uniform Paths, 0.017, 1024, 256, 0.80, 13, 12, 1, 0
Toroslu, 0.005, 1024, 512, 0.90, 157, 156, 1, 0
Tree, 0.012, 1024, 512, 0.90, 157, 156, 1, 0
SCC, 0.004, 1024, 512, 0.90, 157, 156, 1, 0
Dijkstra, 0.013, 1024, 512, 0.90, 157, 156, 1, 0
Hidden Paths, 0.012, 1024, 512, 0.90, 157, 156, 1, 0
Uniform Paths, 0.020, 1024, 512, 0.90, 157, 156, 1, 0
Toroslu, 0.006, 1024, 1024, 1.00, 842, 1002, 10, 11
Tree, 0.012, 1024, 1024, 1.00, 842, 1002, 10, 11
SCC, 0.005, 1024, 1024, 1.00, 842, 1002, 10, 11
Dijkstra, 0.020, 1024, 1024, 1.00, 842, 1002, 10, 11
Hidden Paths, 0.041, 1024, 1024, 1.00, 842, 1002, 10, 11
Uniform Paths, 0.057, 1024, 1024, 1.00, 842, 1002, 10, 11
Toroslu, 0.123, 1024, 2048, 1.10, 1013, 2047, 684, 1347
Tree, 0.034, 1024, 2048, 1.10, 1013, 2047, 684, 1347
SCC, 0.026, 1024, 2048, 1.10, 1013, 2047, 684, 1347
Dijkstra, 1.379, 1024, 2048, 1.10, 1013, 2047, 684, 1347
Hidden Paths, 3.485, 1024, 2048, 1.10, 1013, 2047, 684, 1347
Uniform Paths, 4.239, 1024, 2048, 1.10, 1013, 2047, 684, 1347
Toroslu, 0.821, 1024, 4096, 1.20, 1024, 4096, 981, 3924
Tree, 0.094, 1024, 4096, 1.20, 1024, 4096, 981, 3924
SCC, 0.098, 1024, 4096, 1.20, 1024, 4096, 981, 3924
Dijkstra, 2.389, 1024, 4096, 1.20, 1024, 4096, 981, 3924
Hidden Paths, 5.686, 1024, 4096, 1.20, 1024, 4096, 981, 3924
Uniform Paths, 6.627, 1024, 4096, 1.20, 1024, 4096, 981, 3924
Toroslu, 2.165, 1024, 8192, 1.30, 1024, 8192, 1022, 8177
Tree, 0.195, 1024, 8192, 1.30, 1024, 8192, 1022, 8177
SCC, 0.184, 1024, 8192, 1.30, 1024, 8192, 1022, 8177
Dijkstra, 2.807, 1024, 8192, 1.30, 1024, 8192, 1022, 8177
Hidden Paths, 6.024, 1024, 8192, 1.30, 1024, 8192, 1022, 8177
Uniform Paths, 7.256, 1024, 8192, 1.30, 1024, 8192, 1022, 8177
Toroslu, 0.019, 2048, 45, 0.50, 3, 2, 1, 0
Tree, 0.056, 2048, 45, 0.50, 3, 2, 1, 0
SCC, 0.015, 2048, 45, 0.50, 3, 2, 1, 0
Dijkstra, 0.050, 2048, 45, 0.50, 3, 2, 1, 0
Hidden Paths, 0.045, 2048, 45, 0.50, 3, 2, 1, 0
Uniform Paths, 0.070, 2048, 45, 0.50, 3, 2, 1, 0
Toroslu, 0.021, 2048, 97, 0.60, 4, 3, 1, 0
Tree, 0.050, 2048, 97, 0.60, 4, 3, 1, 0
SCC, 0.015, 2048, 97, 0.60, 4, 3, 1, 0
Dijkstra, 0.049, 2048, 97, 0.60, 4, 3, 1, 0
Hidden Paths, 0.040, 2048, 97, 0.60, 4, 3, 1, 0
Uniform Paths, 0.066, 2048, 97, 0.60, 4, 3, 1, 0
Toroslu, 0.021, 2048, 208, 0.70, 6, 5, 1, 0
Tree, 0.048, 2048, 208, 0.70, 6, 5, 1, 0
SCC, 0.015, 2048, 208, 0.70, 6, 5, 1, 0
Dijkstra, 0.050, 2048, 208, 0.70, 6, 5, 1, 0
Hidden Paths, 0.040, 2048, 208, 0.70, 6, 5, 1, 0
Uniform Paths, 0.067, 2048, 208, 0.70, 6, 5, 1, 0
Toroslu, 0.021, 2048, 446, 0.80, 8, 7, 1, 0
Tree, 0.048, 2048, 446, 0.80, 8, 7, 1, 0
SCC, 0.015, 2048, 446, 0.80, 8, 7, 1, 0
Dijkstra, 0.050, 2048, 446, 0.80, 8, 7, 1, 0
Hidden Paths, 0.041, 2048, 446, 0.80, 8, 7, 1, 0
Uniform Paths, 0.068, 2048, 446, 0.80, 8, 7, 1, 0
Toroslu, 0.021, 2048, 955, 0.90, 186, 186, 1, 0
Tree, 0.048, 2048, 955, 0.90, 186, 186, 1, 0
SCC, 0.016, 2048, 955, 0.90, 186, 186, 1, 0
Dijkstra, 0.050, 2048, 955, 0.90, 186, 186, 1, 0
Hidden Paths, 0.044, 2048, 955, 0.90, 186, 186, 1, 0
Uniform Paths, 0.073, 2048, 955, 0.90, 186, 186, 1, 0
Toroslu, 0.024, 2048, 2048, 1.00, 1632, 1973, 1, 0
Tree, 0.053, 2048, 2048, 1.00, 1632, 1973, 1, 0
SCC, 0.018, 2048, 2048, 1.00, 1632, 1973, 1, 0
Dijkstra, 0.090, 2048, 2048, 1.00, 1632, 1973, 1, 0
Hidden Paths, 0.189, 2048, 2048, 1.00, 1632, 1973, 1, 0
Uniform Paths, 0.266, 2048, 2048, 1.00, 1632, 1973, 1, 0
Toroslu, 1.543, 2048, 4390, 1.10, 2018, 4389, 1453, 3143
Tree, 0.182, 2048, 4390, 1.10, 2018, 4389, 1453, 3143
SCC, 0.149, 2048, 4390, 1.10, 2018, 4389, 1453, 3143
Dijkstra, 6.908, 2048, 4390, 1.10, 2018, 4389, 1453, 3143
Hidden Paths, 17.638, 2048, 4390, 1.10, 2018, 4389, 1453, 3143
Uniform Paths, 20.550, 2048, 4390, 1.10, 2018, 4389, 1453, 3143
Toroslu, 7.925, 2048, 9410, 1.20, 2048, 9410, 2007, 9221
Tree, 0.552, 2048, 9410, 1.20, 2048, 9410, 2007, 9221
SCC, 0.532, 2048, 9410, 1.20, 2048, 9410, 2007, 9221
Dijkstra, 11.179, 2048, 9410, 1.20, 2048, 9410, 2007, 9221
Hidden Paths, 27.356, 2048, 9410, 1.20, 2048, 9410, 2007, 9221
Uniform Paths, 31.400, 2048, 9410, 1.20, 2048, 9410, 2007, 9221
Toroslu, 17.660, 2048, 20171, 1.30, 2048, 20171, 2048, 20171
Tree, 1.086, 2048, 20171, 1.30, 2048, 20171, 2048, 20171
SCC, 1.024, 2048, 20171, 1.30, 2048, 20171, 2048, 20171
Dijkstra, 12.698, 2048, 20171, 1.30, 2048, 20171, 2048, 20171
Hidden Paths, 29.200, 2048, 20171, 1.30, 2048, 20171, 2048, 20171
Uniform Paths, 33.346, 2048, 20171, 1.30, 2048, 20171, 2048, 20171
